filename,fold,target,category,esc10,src_file,take,extracted_category
tests/data/sounds-dataset-1000/audio/1-100210-A-36.wav,1,36,vacuum_cleaner,False,100210,A,vacuum_cleaner
tests/data/sounds-dataset-1000/audio/1-101336-A-30.wav,1,30,door_wood_knock,False,101336,A,door_wood_knock
tests/data/sounds-dataset-1000/audio/1-103999-A-30.wav,1,30,door_wood_knock,False,103999,A,door_wood_knock
tests/data/sounds-dataset-1000/audio/1-104089-B-22.wav,1,22,clapping,False,104089,B,clapping
tests/data/sounds-dataset-1000/audio/1-110537-A-22.wav,1,22,clapping,False,110537,A,clapping
tests/data/sounds-dataset-1000/audio/1-115545-B-48.wav,1,48,fireworks,False,115545,B,fireworks
tests/data/sounds-dataset-1000/audio/1-115921-A-22.wav,1,22,clapping,False,115921,A,clapping
tests/data/sounds-dataset-1000/audio/1-11687-A-47.wav,1,47,airplane,False,11687,A,airplane
tests/data/sounds-dataset-1000/audio/1-121951-A-8.wav,1,8,sheep,False,121951,A,cow
tests/data/sounds-dataset-1000/audio/1-12653-A-15.wav,1,15,water_drops,False,12653,A,water_drops
tests/data/sounds-dataset-1000/audio/1-12654-A-15.wav,1,15,water_drops,False,12654,A,water_drops
tests/data/sounds-dataset-1000/audio/1-12654-B-15.wav,1,15,water_drops,False,12654,B,water_drops
tests/data/sounds-dataset-1000/audio/1-155858-C-25.wav,1,25,footsteps,False,155858,C,footsteps
tests/data/sounds-dataset-1000/audio/1-155858-E-25.wav,1,25,footsteps,False,155858,E,footsteps
tests/data/sounds-dataset-1000/audio/1-155858-F-25.wav,1,25,footsteps,False,155858,F,footsteps
tests/data/sounds-dataset-1000/audio/1-15689-A-4.wav,1,4,frog,False,15689,A,frog
tests/data/sounds-dataset-1000/audio/1-160563-B-48.wav,1,48,fireworks,False,160563,B,fireworks
tests/data/sounds-dataset-1000/audio/1-16568-A-3.wav,1,3,cow,False,16568,A,cow
tests/data/sounds-dataset-1000/audio/1-17092-A-27.wav,1,27,brushing_teeth,False,17092,A,drinking_sipping
tests/data/sounds-dataset-1000/audio/1-17150-A-12.wav,1,12,crackling_fire,True,17150,A,water_drops
tests/data/sounds-dataset-1000/audio/1-172649-B-40.wav,1,40,helicopter,True,172649,B,engine
tests/data/sounds-dataset-1000/audio/1-172649-D-40.wav,1,40,helicopter,True,172649,D,airplane
tests/data/sounds-dataset-1000/audio/1-172649-E-40.wav,1,40,helicopter,True,172649,E,helicopter
tests/data/sounds-dataset-1000/audio/1-17565-A-12.wav,1,12,crackling_fire,True,17565,A,pouring_water
tests/data/sounds-dataset-1000/audio/1-17742-A-12.wav,1,12,crackling_fire,True,17742,A,rain
tests/data/sounds-dataset-1000/audio/1-17808-B-12.wav,1,12,crackling_fire,True,17808,B,crackling_fire
tests/data/sounds-dataset-1000/audio/1-17970-A-4.wav,1,4,frog,False,17970,A,pig
tests/data/sounds-dataset-1000/audio/1-18074-A-6.wav,1,6,hen,False,18074,A,pig
tests/data/sounds-dataset-1000/audio/1-18074-B-6.wav,1,6,hen,False,18074,B,rooster
tests/data/sounds-dataset-1000/audio/1-181071-A-40.wav,1,40,helicopter,True,181071,A,helicopter
tests/data/sounds-dataset-1000/audio/1-181071-B-40.wav,1,40,helicopter,True,181071,B,airplane
tests/data/sounds-dataset-1000/audio/1-18631-A-23.wav,1,23,breathing,False,18631,A,breathing
tests/data/sounds-dataset-1000/audio/1-187207-A-20.wav,1,20,crying_baby,True,187207,A,crying_baby
tests/data/sounds-dataset-1000/audio/1-18757-A-4.wav,1,4,frog,False,18757,A,rooster
tests/data/sounds-dataset-1000/audio/1-19026-A-43.wav,1,43,car_horn,False,19026,A,car_horn
tests/data/sounds-dataset-1000/audio/1-19111-A-24.wav,1,24,coughing,False,19111,A,coughing
tests/data/sounds-dataset-1000/audio/1-19501-A-7.wav,1,7,insects,False,19501,A,dog
tests/data/sounds-dataset-1000/audio/1-196660-B-8.wav,1,8,sheep,False,196660,B,cow
tests/data/sounds-dataset-1000/audio/1-202111-A-3.wav,1,3,cow,False,202111,A,pig
tests/data/sounds-dataset-1000/audio/1-208757-A-2.wav,1,2,pig,False,208757,A,pig
tests/data/sounds-dataset-1000/audio/1-208757-B-2.wav,1,2,pig,False,208757,B,pig
tests/data/sounds-dataset-1000/audio/1-208757-C-2.wav,1,2,pig,False,208757,C,pig
tests/data/sounds-dataset-1000/audio/1-211527-B-20.wav,1,20,crying_baby,True,211527,B,pig
tests/data/sounds-dataset-1000/audio/1-21189-A-10.wav,1,10,rain,True,21189,A,rain
tests/data/sounds-dataset-1000/audio/1-21896-A-35.wav,1,35,washing_machine,False,21896,A,engine
tests/data/sounds-dataset-1000/audio/1-21935-A-38.wav,1,38,clock_tick,True,21935,A,clock_tick
tests/data/sounds-dataset-1000/audio/1-22694-A-20.wav,1,20,crying_baby,True,22694,A,crying_baby
tests/data/sounds-dataset-1000/audio/1-22804-A-46.wav,1,46,church_bells,False,22804,A,church_bells
tests/data/sounds-dataset-1000/audio/1-23094-B-15.wav,1,15,water_drops,False,23094,B,water_drops
tests/data/sounds-dataset-1000/audio/1-23222-B-19.wav,1,19,thunderstorm,False,23222,B,thunderstorm
tests/data/sounds-dataset-1000/audio/1-23996-B-35.wav,1,35,washing_machine,False,23996,B,engine
tests/data/sounds-dataset-1000/audio/1-24074-A-43.wav,1,43,car_horn,False,24074,A,car_horn
tests/data/sounds-dataset-1000/audio/1-24524-A-19.wav,1,19,thunderstorm,False,24524,A,thunderstorm
tests/data/sounds-dataset-1000/audio/1-24524-C-19.wav,1,19,thunderstorm,False,24524,C,fireworks
tests/data/sounds-dataset-1000/audio/1-24796-A-47.wav,1,47,airplane,False,24796,A,helicopter
tests/data/sounds-dataset-1000/audio/1-25777-A-48.wav,1,48,fireworks,False,25777,A,fireworks
tests/data/sounds-dataset-1000/audio/1-260640-C-2.wav,1,2,pig,False,260640,C,pig
tests/data/sounds-dataset-1000/audio/1-26143-A-21.wav,1,21,sneezing,True,26143,A,coughing
tests/data/sounds-dataset-1000/audio/1-26177-A-43.wav,1,43,car_horn,False,26177,A,siren
tests/data/sounds-dataset-1000/audio/1-26188-A-30.wav,1,30,door_wood_knock,False,26188,A,door_wood_knock
tests/data/sounds-dataset-1000/audio/1-26222-A-10.wav,1,10,rain,True,26222,A,pouring_water
tests/data/sounds-dataset-1000/audio/1-26806-A-1.wav,1,1,rooster,True,26806,A,cat
tests/data/sounds-dataset-1000/audio/1-27165-A-35.wav,1,35,washing_machine,False,27165,A,engine
tests/data/sounds-dataset-1000/audio/1-28005-A-18.wav,1,18,toilet_flush,False,28005,A,pouring_water
tests/data/sounds-dataset-1000/audio/1-28135-A-11.wav,1,11,sea_waves,True,28135,A,sea_waves
tests/data/sounds-dataset-1000/audio/1-30043-A-26.wav,1,26,laughing,False,30043,A,laughing
tests/data/sounds-dataset-1000/audio/1-30214-A-18.wav,1,18,toilet_flush,False,30214,A,pouring_water
tests/data/sounds-dataset-1000/audio/1-30344-A-0.wav,1,0,dog,True,30344,A,dog
tests/data/sounds-dataset-1000/audio/1-30830-A-24.wav,1,24,coughing,False,30830,A,coughing
tests/data/sounds-dataset-1000/audio/1-31251-A-6.wav,1,6,hen,False,31251,A,rooster
tests/data/sounds-dataset-1000/audio/1-31251-B-6.wav,1,6,hen,False,31251,B,rooster
tests/data/sounds-dataset-1000/audio/1-31748-A-21.wav,1,21,sneezing,True,31748,A,sneezing
tests/data/sounds-dataset-1000/audio/1-31836-A-4.wav,1,4,frog,False,31836,A,chirping_birds
tests/data/sounds-dataset-1000/audio/1-32318-A-0.wav,1,0,dog,True,32318,A,dog
tests/data/sounds-dataset-1000/audio/1-32373-A-35.wav,1,35,washing_machine,False,32373,A,chainsaw
tests/data/sounds-dataset-1000/audio/1-32579-A-29.wav,1,29,drinking_sipping,False,32579,A,drinking_sipping
tests/data/sounds-dataset-1000/audio/1-33658-A-26.wav,1,26,laughing,False,33658,A,sneezing
tests/data/sounds-dataset-1000/audio/1-34094-A-5.wav,1,5,cat,False,34094,A,cat
tests/data/sounds-dataset-1000/audio/1-34119-A-1.wav,1,1,rooster,True,34119,A,rooster
tests/data/sounds-dataset-1000/audio/1-34119-B-1.wav,1,1,rooster,True,34119,B,cow
tests/data/sounds-dataset-1000/audio/1-34495-A-14.wav,1,14,chirping_birds,False,34495,A,chirping_birds
tests/data/sounds-dataset-1000/audio/1-34853-A-37.wav,1,37,clock_alarm,False,34853,A,siren
tests/data/sounds-dataset-1000/audio/1-35687-A-38.wav,1,38,clock_tick,True,35687,A,clock_tick
tests/data/sounds-dataset-1000/audio/1-36164-B-26.wav,1,26,laughing,False,36164,B,laughing
tests/data/sounds-dataset-1000/audio/1-36393-A-23.wav,1,23,breathing,False,36393,A,breathing
tests/data/sounds-dataset-1000/audio/1-36402-A-23.wav,1,23,breathing,False,36402,A,snoring
tests/data/sounds-dataset-1000/audio/1-38560-A-14.wav,1,14,chirping_birds,False,38560,A,chirping_birds
tests/data/sounds-dataset-1000/audio/1-39835-A-9.wav,1,9,crow,False,39835,A,rooster
tests/data/sounds-dataset-1000/audio/1-39835-B-9.wav,1,9,crow,False,39835,B,crow
tests/data/sounds-dataset-1000/audio/1-39901-A-11.wav,1,11,sea_waves,True,39901,A,sea_waves
tests/data/sounds-dataset-1000/audio/1-39901-B-11.wav,1,11,sea_waves,True,39901,B,sea_waves
tests/data/sounds-dataset-1000/audio/1-39937-A-28.wav,1,28,snoring,False,39937,A,pig
tests/data/sounds-dataset-1000/audio/1-40154-A-46.wav,1,46,church_bells,False,40154,A,church_bells
tests/data/sounds-dataset-1000/audio/1-41615-A-34.wav,1,34,can_opening,False,41615,A,mouse_click
tests/data/sounds-dataset-1000/audio/1-43764-A-34.wav,1,34,can_opening,False,43764,A,mouse_click
tests/data/sounds-dataset-1000/audio/1-43807-A-47.wav,1,47,airplane,False,43807,A,airplane
tests/data/sounds-dataset-1000/audio/1-43807-B-47.wav,1,47,airplane,False,43807,B,airplane
tests/data/sounds-dataset-1000/audio/1-43807-C-47.wav,1,47,airplane,False,43807,C,helicopter
tests/data/sounds-dataset-1000/audio/1-43807-D-47.wav,1,47,airplane,False,43807,D,airplane
tests/data/sounds-dataset-1000/audio/1-45641-A-27.wav,1,27,brushing_teeth,False,45641,A,pig
tests/data/sounds-dataset-1000/audio/1-45645-A-31.wav,1,31,mouse_click,False,45645,A,mouse_click
tests/data/sounds-dataset-1000/audio/1-46274-A-18.wav,1,18,toilet_flush,False,46274,A,pouring_water
tests/data/sounds-dataset-1000/audio/1-46744-A-36.wav,1,36,vacuum_cleaner,False,46744,A,vacuum_cleaner
tests/data/sounds-dataset-1000/audio/1-46938-A-7.wav,1,7,insects,False,46938,A,insects
tests/data/sounds-dataset-1000/audio/1-47250-B-41.wav,1,41,chainsaw,True,47250,B,chainsaw
tests/data/sounds-dataset-1000/audio/1-47274-A-21.wav,1,21,sneezing,True,47274,A,coughing
tests/data/sounds-dataset-1000/audio/1-47819-C-5.wav,1,5,cat,False,47819,C,cat
tests/data/sounds-dataset-1000/audio/1-48298-A-46.wav,1,46,church_bells,False,48298,A,church_bells
tests/data/sounds-dataset-1000/audio/1-49409-A-8.wav,1,8,sheep,False,49409,A,sheep
tests/data/sounds-dataset-1000/audio/1-49409-B-8.wav,1,8,sheep,False,49409,B,sheep
tests/data/sounds-dataset-1000/audio/1-50454-A-44.wav,1,44,engine,False,50454,A,engine
tests/data/sounds-dataset-1000/audio/1-50455-A-44.wav,1,44,engine,False,50455,A,engine
tests/data/sounds-dataset-1000/audio/1-50661-A-44.wav,1,44,engine,False,50661,A,airplane
tests/data/sounds-dataset-1000/audio/1-50688-A-17.wav,1,17,pouring_water,False,50688,A,pouring_water
tests/data/sounds-dataset-1000/audio/1-51037-A-16.wav,1,16,wind,False,51037,A,rain
tests/data/sounds-dataset-1000/audio/1-51433-A-17.wav,1,17,pouring_water,False,51433,A,pouring_water
tests/data/sounds-dataset-1000/audio/1-51436-A-17.wav,1,17,pouring_water,False,51436,A,pouring_water
tests/data/sounds-dataset-1000/audio/1-51805-C-33.wav,1,33,door_wood_creaks,False,51805,C,car_horn
tests/data/sounds-dataset-1000/audio/1-51805-E-33.wav,1,33,door_wood_creaks,False,51805,E,hand_saw
tests/data/sounds-dataset-1000/audio/1-51805-G-33.wav,1,33,door_wood_creaks,False,51805,G,clock_alarm
tests/data/sounds-dataset-1000/audio/1-51805-H-33.wav,1,33,door_wood_creaks,False,51805,H,door_wood_creaks
tests/data/sounds-dataset-1000/audio/1-52266-A-24.wav,1,24,coughing,False,52266,A,coughing
tests/data/sounds-dataset-1000/audio/1-52290-A-30.wav,1,30,door_wood_knock,False,52290,A,door_wood_knock
tests/data/sounds-dataset-1000/audio/1-53501-A-32.wav,1,32,keyboard_typing,False,53501,A,keyboard_typing
tests/data/sounds-dataset-1000/audio/1-53663-A-24.wav,1,24,coughing,False,53663,A,coughing
tests/data/sounds-dataset-1000/audio/1-54084-A-42.wav,1,42,siren,False,54084,A,siren
tests/data/sounds-dataset-1000/audio/1-54505-A-21.wav,1,21,sneezing,True,54505,A,sneezing
tests/data/sounds-dataset-1000/audio/1-54747-A-46.wav,1,46,church_bells,False,54747,A,church_bells
tests/data/sounds-dataset-1000/audio/1-54752-A-18.wav,1,18,toilet_flush,False,54752,A,chainsaw
tests/data/sounds-dataset-1000/audio/1-54918-A-14.wav,1,14,chirping_birds,False,54918,A,chirping_birds
tests/data/sounds-dataset-1000/audio/1-54918-B-14.wav,1,14,chirping_birds,False,54918,B,chirping_birds
tests/data/sounds-dataset-1000/audio/1-56233-A-9.wav,1,9,crow,False,56233,A,crow
tests/data/sounds-dataset-1000/audio/1-56311-A-10.wav,1,10,rain,True,56311,A,rain
tests/data/sounds-dataset-1000/audio/1-56380-A-5.wav,1,5,cat,False,56380,A,cat
tests/data/sounds-dataset-1000/audio/1-57163-A-38.wav,1,38,clock_tick,True,57163,A,clock_tick
tests/data/sounds-dataset-1000/audio/1-57316-A-13.wav,1,13,crickets,False,57316,A,keyboard_typing
tests/data/sounds-dataset-1000/audio/1-57318-A-13.wav,1,13,crickets,False,57318,A,clock_tick
tests/data/sounds-dataset-1000/audio/1-58277-A-3.wav,1,3,cow,False,58277,A,cow
tests/data/sounds-dataset-1000/audio/1-58792-A-24.wav,1,24,coughing,False,58792,A,coughing
tests/data/sounds-dataset-1000/audio/1-58846-A-34.wav,1,34,can_opening,False,58846,A,glass_breaking
tests/data/sounds-dataset-1000/audio/1-58923-A-27.wav,1,27,brushing_teeth,False,58923,A,chainsaw
tests/data/sounds-dataset-1000/audio/1-59102-A-13.wav,1,13,crickets,False,59102,A,insects
tests/data/sounds-dataset-1000/audio/1-59513-A-0.wav,1,0,dog,True,59513,A,dog
tests/data/sounds-dataset-1000/audio/1-5996-A-6.wav,1,6,hen,False,5996,A,rooster
tests/data/sounds-dataset-1000/audio/1-60460-A-36.wav,1,36,vacuum_cleaner,False,60460,A,washing_machine
tests/data/sounds-dataset-1000/audio/1-60676-A-34.wav,1,34,can_opening,False,60676,A,glass_breaking
tests/data/sounds-dataset-1000/audio/1-60997-A-20.wav,1,20,crying_baby,True,60997,A,cat
tests/data/sounds-dataset-1000/audio/1-61221-A-17.wav,1,17,pouring_water,False,61221,A,pouring_water
tests/data/sounds-dataset-1000/audio/1-61261-A-44.wav,1,44,engine,False,61261,A,engine
tests/data/sounds-dataset-1000/audio/1-61534-A-27.wav,1,27,brushing_teeth,False,61534,A,snoring
tests/data/sounds-dataset-1000/audio/1-62509-A-45.wav,1,45,train,False,62509,A,helicopter
tests/data/sounds-dataset-1000/audio/1-62565-A-44.wav,1,44,engine,False,62565,A,engine
tests/data/sounds-dataset-1000/audio/1-62594-A-32.wav,1,32,keyboard_typing,False,62594,A,mouse_click
tests/data/sounds-dataset-1000/audio/1-62849-A-38.wav,1,38,clock_tick,True,62849,A,clock_tick
tests/data/sounds-dataset-1000/audio/1-62850-A-38.wav,1,38,clock_tick,True,62850,A,clock_tick
tests/data/sounds-dataset-1000/audio/1-63679-A-24.wav,1,24,coughing,False,63679,A,coughing
tests/data/sounds-dataset-1000/audio/1-64473-A-45.wav,1,45,train,False,64473,A,train
tests/data/sounds-dataset-1000/audio/1-67033-A-37.wav,1,37,clock_alarm,False,67033,A,clock_alarm
tests/data/sounds-dataset-1000/audio/1-67152-A-17.wav,1,17,pouring_water,False,67152,A,pouring_water
tests/data/sounds-dataset-1000/audio/1-68628-A-27.wav,1,27,brushing_teeth,False,68628,A,snoring
tests/data/sounds-dataset-1000/audio/1-68670-A-34.wav,1,34,can_opening,False,68670,A,glass_breaking
tests/data/sounds-dataset-1000/audio/1-68734-A-34.wav,1,34,can_opening,False,68734,A,water_drops
tests/data/sounds-dataset-1000/audio/1-69165-A-34.wav,1,34,can_opening,False,69165,A,mouse_click
tests/data/sounds-dataset-1000/audio/1-69422-A-3.wav,1,3,cow,False,69422,A,cow
tests/data/sounds-dataset-1000/audio/1-69641-A-3.wav,1,3,cow,False,69641,A,chainsaw
tests/data/sounds-dataset-1000/audio/1-69760-A-16.wav,1,16,wind,False,69760,A,rain
tests/data/sounds-dataset-1000/audio/1-70300-A-45.wav,1,45,train,False,70300,A,train
tests/data/sounds-dataset-1000/audio/1-71030-A-6.wav,1,6,hen,False,71030,A,hen
tests/data/sounds-dataset-1000/audio/1-72195-A-37.wav,1,37,clock_alarm,False,72195,A,clock_alarm
tests/data/sounds-dataset-1000/audio/1-72195-B-37.wav,1,37,clock_alarm,False,72195,B,clock_alarm
tests/data/sounds-dataset-1000/audio/1-72229-A-6.wav,1,6,hen,False,72229,A,rooster
tests/data/sounds-dataset-1000/audio/1-74517-A-37.wav,1,37,clock_alarm,False,74517,A,clock_alarm
tests/data/sounds-dataset-1000/audio/1-75162-A-9.wav,1,9,crow,False,75162,A,crow
tests/data/sounds-dataset-1000/audio/1-75189-A-7.wav,1,7,insects,False,75189,A,insects
tests/data/sounds-dataset-1000/audio/1-76831-A-42.wav,1,42,siren,False,76831,A,siren
tests/data/sounds-dataset-1000/audio/1-76831-C-42.wav,1,42,siren,False,76831,C,siren
tests/data/sounds-dataset-1000/audio/1-76831-E-42.wav,1,42,siren,False,76831,E,siren
tests/data/sounds-dataset-1000/audio/1-77241-A-3.wav,1,3,cow,False,77241,A,cow
tests/data/sounds-dataset-1000/audio/1-79113-A-5.wav,1,5,cat,False,79113,A,cat
tests/data/sounds-dataset-1000/audio/1-79146-A-29.wav,1,29,drinking_sipping,False,79146,A,drinking_sipping
tests/data/sounds-dataset-1000/audio/1-79220-A-17.wav,1,17,pouring_water,False,79220,A,pouring_water
tests/data/sounds-dataset-1000/audio/1-79236-A-36.wav,1,36,vacuum_cleaner,False,79236,A,vacuum_cleaner
tests/data/sounds-dataset-1000/audio/1-79711-A-32.wav,1,32,keyboard_typing,False,79711,A,keyboard_typing
tests/data/sounds-dataset-1000/audio/1-7974-B-49.wav,1,49,hand_saw,False,7974,B,hand_saw
tests/data/sounds-dataset-1000/audio/1-80840-A-13.wav,1,13,crickets,False,80840,A,pig
tests/data/sounds-dataset-1000/audio/1-80841-A-13.wav,1,13,crickets,False,80841,A,crickets
tests/data/sounds-dataset-1000/audio/1-81001-B-30.wav,1,30,door_wood_knock,False,81001,B,door_wood_knock
tests/data/sounds-dataset-1000/audio/1-81851-A-31.wav,1,31,mouse_click,False,81851,A,water_drops
tests/data/sounds-dataset-1000/audio/1-81883-A-21.wav,1,21,sneezing,True,81883,A,sneezing
tests/data/sounds-dataset-1000/audio/1-82817-A-30.wav,1,30,door_wood_knock,False,82817,A,door_wood_knock
tests/data/sounds-dataset-1000/audio/1-84393-A-32.wav,1,32,keyboard_typing,False,84393,A,keyboard_typing
tests/data/sounds-dataset-1000/audio/1-84704-A-39.wav,1,39,glass_breaking,False,84704,A,glass_breaking
tests/data/sounds-dataset-1000/audio/1-84705-A-39.wav,1,39,glass_breaking,False,84705,A,glass_breaking
tests/data/sounds-dataset-1000/audio/1-85184-A-39.wav,1,39,glass_breaking,False,85184,A,glass_breaking
tests/data/sounds-dataset-1000/audio/1-85362-A-0.wav,1,0,dog,True,85362,A,dog
tests/data/sounds-dataset-1000/audio/1-85909-A-29.wav,1,29,drinking_sipping,False,85909,A,drinking_sipping
tests/data/sounds-dataset-1000/audio/1-87565-A-29.wav,1,29,drinking_sipping,False,87565,A,breathing
tests/data/sounds-dataset-1000/audio/1-88574-A-8.wav,1,8,sheep,False,88574,A,cow
tests/data/sounds-dataset-1000/audio/1-88807-A-39.wav,1,39,glass_breaking,False,88807,A,pouring_water
tests/data/sounds-dataset-1000/audio/1-90797-A-15.wav,1,15,water_drops,False,90797,A,pouring_water
tests/data/sounds-dataset-1000/audio/1-91359-A-11.wav,1,11,sea_waves,True,91359,A,sea_waves
tests/data/sounds-dataset-1000/audio/1-96950-A-9.wav,1,9,crow,False,96950,A,sheep
tests/data/sounds-dataset-1000/audio/1-977-A-39.wav,1,39,glass_breaking,False,977,A,glass_breaking
tests/data/sounds-dataset-1000/audio/1-97793-A-31.wav,1,31,mouse_click,False,97793,A,engine
tests/data/sounds-dataset-1000/audio/1-9887-B-49.wav,1,49,hand_saw,False,9887,B,hand_saw
tests/data/sounds-dataset-1000/audio/2-102414-C-17.wav,2,17,pouring_water,False,102414,C,pouring_water
tests/data/sounds-dataset-1000/audio/2-102414-F-17.wav,2,17,pouring_water,False,102414,F,pouring_water
tests/data/sounds-dataset-1000/audio/2-102414-G-17.wav,2,17,pouring_water,False,102414,G,pouring_water
tests/data/sounds-dataset-1000/audio/2-102435-A-37.wav,2,37,clock_alarm,False,102435,A,chainsaw
tests/data/sounds-dataset-1000/audio/2-102567-A-35.wav,2,35,washing_machine,False,102567,A,engine
tests/data/sounds-dataset-1000/audio/2-102567-C-35.wav,2,35,washing_machine,False,102567,C,vacuum_cleaner
tests/data/sounds-dataset-1000/audio/2-102567-D-35.wav,2,35,washing_machine,False,102567,D,helicopter
tests/data/sounds-dataset-1000/audio/2-102568-A-35.wav,2,35,washing_machine,False,102568,A,chainsaw
tests/data/sounds-dataset-1000/audio/2-102581-A-29.wav,2,29,drinking_sipping,False,102581,A,door_wood_knock
tests/data/sounds-dataset-1000/audio/2-103423-A-3.wav,2,3,cow,False,103423,A,cow
tests/data/sounds-dataset-1000/audio/2-103424-A-3.wav,2,3,cow,False,103424,A,pig
tests/data/sounds-dataset-1000/audio/2-103426-A-3.wav,2,3,cow,False,103426,A,cow
tests/data/sounds-dataset-1000/audio/2-103427-A-3.wav,2,3,cow,False,103427,A,cow
tests/data/sounds-dataset-1000/audio/2-103428-A-3.wav,2,3,cow,False,103428,A,cow
tests/data/sounds-dataset-1000/audio/2-104105-B-19.wav,2,19,thunderstorm,False,104105,B,thunderstorm
tests/data/sounds-dataset-1000/audio/2-104168-A-32.wav,2,32,keyboard_typing,False,104168,A,mouse_click
tests/data/sounds-dataset-1000/audio/2-104475-A-37.wav,2,37,clock_alarm,False,104475,A,clock_alarm
tests/data/sounds-dataset-1000/audio/2-104476-A-37.wav,2,37,clock_alarm,False,104476,A,clock_alarm
tests/data/sounds-dataset-1000/audio/2-104877-A-3.wav,2,3,cow,False,104877,A,cow
tests/data/sounds-dataset-1000/audio/2-104952-A-16.wav,2,16,wind,False,104952,A,engine
tests/data/sounds-dataset-1000/audio/2-105270-A-47.wav,2,47,airplane,False,105270,A,airplane
tests/data/sounds-dataset-1000/audio/2-106014-A-44.wav,2,44,engine,False,106014,A,airplane
tests/data/sounds-dataset-1000/audio/2-106015-B-44.wav,2,44,engine,False,106015,B,engine
tests/data/sounds-dataset-1000/audio/2-106019-A-13.wav,2,13,crickets,False,106019,A,frog
tests/data/sounds-dataset-1000/audio/2-106073-A-36.wav,2,36,vacuum_cleaner,False,106073,A,vacuum_cleaner
tests/data/sounds-dataset-1000/audio/2-106486-A-44.wav,2,44,engine,False,106486,A,engine
tests/data/sounds-dataset-1000/audio/2-106881-A-39.wav,2,39,glass_breaking,False,106881,A,glass_breaking
tests/data/sounds-dataset-1000/audio/2-107351-A-20.wav,2,20,crying_baby,True,107351,A,cat
tests/data/sounds-dataset-1000/audio/2-108017-A-24.wav,2,24,coughing,False,108017,A,coughing
tests/data/sounds-dataset-1000/audio/2-108761-A-14.wav,2,14,chirping_birds,False,108761,A,water_drops
tests/data/sounds-dataset-1000/audio/2-108763-A-9.wav,2,9,crow,False,108763,A,crow
tests/data/sounds-dataset-1000/audio/2-108767-A-9.wav,2,9,crow,False,108767,A,crow
tests/data/sounds-dataset-1000/audio/2-109231-B-9.wav,2,9,crow,False,109231,B,crow
tests/data/sounds-dataset-1000/audio/2-109231-C-9.wav,2,9,crow,False,109231,C,cow
tests/data/sounds-dataset-1000/audio/2-109371-B-16.wav,2,16,wind,False,109371,B,airplane
tests/data/sounds-dataset-1000/audio/2-109371-C-16.wav,2,16,wind,False,109371,C,airplane
tests/data/sounds-dataset-1000/audio/2-109374-A-16.wav,2,16,wind,False,109374,A,airplane
tests/data/sounds-dataset-1000/audio/2-109505-A-21.wav,2,21,sneezing,True,109505,A,coughing
tests/data/sounds-dataset-1000/audio/2-110010-A-5.wav,2,5,cat,False,110010,A,cat
tests/data/sounds-dataset-1000/audio/2-110417-B-28.wav,2,28,snoring,False,110417,B,snoring
tests/data/sounds-dataset-1000/audio/2-114254-A-30.wav,2,30,door_wood_knock,False,114254,A,door_wood_knock
tests/data/sounds-dataset-1000/audio/2-114280-A-0.wav,2,0,dog,True,114280,A,dog
tests/data/sounds-dataset-1000/audio/2-114587-A-0.wav,2,0,dog,True,114587,A,dog
tests/data/sounds-dataset-1000/audio/2-114609-A-28.wav,2,28,snoring,False,114609,A,snoring
tests/data/sounds-dataset-1000/audio/2-114609-B-28.wav,2,28,snoring,False,114609,B,snoring
tests/data/sounds-dataset-1000/audio/2-116400-A-0.wav,2,0,dog,True,116400,A,dog
tests/data/sounds-dataset-1000/audio/2-117116-A-37.wav,2,37,clock_alarm,False,117116,A,clock_alarm
tests/data/sounds-dataset-1000/audio/2-117330-A-28.wav,2,28,snoring,False,117330,A,snoring
tests/data/sounds-dataset-1000/audio/2-117615-A-48.wav,2,48,fireworks,False,117615,A,fireworks
tests/data/sounds-dataset-1000/audio/2-117615-E-48.wav,2,48,fireworks,False,117615,E,glass_breaking
tests/data/sounds-dataset-1000/audio/2-117625-A-10.wav,2,10,rain,True,117625,A,rain
tests/data/sounds-dataset-1000/audio/2-117795-A-3.wav,2,3,cow,False,117795,A,engine
tests/data/sounds-dataset-1000/audio/2-117795-B-3.wav,2,3,cow,False,117795,B,cow
tests/data/sounds-dataset-1000/audio/2-118104-A-21.wav,2,21,sneezing,True,118104,A,sneezing
tests/data/sounds-dataset-1000/audio/2-118624-A-30.wav,2,30,door_wood_knock,False,118624,A,door_wood_knock
tests/data/sounds-dataset-1000/audio/2-119139-A-31.wav,2,31,mouse_click,False,119139,A,door_wood_creaks
tests/data/sounds-dataset-1000/audio/2-119161-A-8.wav,2,8,sheep,False,119161,A,sheep
tests/data/sounds-dataset-1000/audio/2-119161-B-8.wav,2,8,sheep,False,119161,B,sheep
tests/data/sounds-dataset-1000/audio/2-120586-A-6.wav,2,6,hen,False,120586,A,rooster
tests/data/sounds-dataset-1000/audio/2-120587-A-6.wav,2,6,hen,False,120587,A,rooster
tests/data/sounds-dataset-1000/audio/2-121978-A-29.wav,2,29,drinking_sipping,False,121978,A,train
tests/data/sounds-dataset-1000/audio/2-122066-B-45.wav,2,45,train,False,122066,B,helicopter
tests/data/sounds-dataset-1000/audio/2-122067-A-45.wav,2,45,train,False,122067,A,train
tests/data/sounds-dataset-1000/audio/2-122104-B-0.wav,2,0,dog,True,122104,B,dog
tests/data/sounds-dataset-1000/audio/2-122820-A-36.wav,2,36,vacuum_cleaner,False,122820,A,washing_machine
tests/data/sounds-dataset-1000/audio/2-122820-B-36.wav,2,36,vacuum_cleaner,False,122820,B,washing_machine
tests/data/sounds-dataset-1000/audio/2-123712-A-33.wav,2,33,door_wood_creaks,False,123712,A,mouse_click
tests/data/sounds-dataset-1000/audio/2-123896-A-24.wav,2,24,coughing,False,123896,A,coughing
tests/data/sounds-dataset-1000/audio/2-124564-A-15.wav,2,15,water_drops,False,124564,A,toilet_flush
tests/data/sounds-dataset-1000/audio/2-124662-A-11.wav,2,11,sea_waves,True,124662,A,sea_waves
tests/data/sounds-dataset-1000/audio/2-125520-A-43.wav,2,43,car_horn,False,125520,A,car_horn
tests/data/sounds-dataset-1000/audio/2-125875-A-13.wav,2,13,crickets,False,125875,A,sheep
tests/data/sounds-dataset-1000/audio/2-125966-A-11.wav,2,11,sea_waves,True,125966,A,pouring_water
tests/data/sounds-dataset-1000/audio/2-127108-A-38.wav,2,38,clock_tick,True,127108,A,clock_tick
tests/data/sounds-dataset-1000/audio/2-130245-A-34.wav,2,34,can_opening,False,130245,A,can_opening
tests/data/sounds-dataset-1000/audio/2-130978-A-21.wav,2,21,sneezing,True,130978,A,sneezing
tests/data/sounds-dataset-1000/audio/2-132157-B-11.wav,2,11,sea_waves,True,132157,B,sea_waves
tests/data/sounds-dataset-1000/audio/2-133863-A-11.wav,2,11,sea_waves,True,133863,A,sea_waves
tests/data/sounds-dataset-1000/audio/2-134049-A-6.wav,2,6,hen,False,134049,A,rooster
tests/data/sounds-dataset-1000/audio/2-134700-A-38.wav,2,38,clock_tick,True,134700,A,clock_tick
tests/data/sounds-dataset-1000/audio/2-134915-A-30.wav,2,30,door_wood_knock,False,134915,A,door_wood_knock
tests/data/sounds-dataset-1000/audio/2-135649-A-45.wav,2,45,train,False,135649,A,train
tests/data/sounds-dataset-1000/audio/2-135649-B-45.wav,2,45,train,False,135649,B,helicopter
tests/data/sounds-dataset-1000/audio/2-135728-A-38.wav,2,38,clock_tick,True,135728,A,clock_tick
tests/data/sounds-dataset-1000/audio/2-135860-A-49.wav,2,49,hand_saw,False,135860,A,hand_saw
tests/data/sounds-dataset-1000/audio/2-138257-A-31.wav,2,31,mouse_click,False,138257,A,mouse_click
tests/data/sounds-dataset-1000/audio/2-138465-A-43.wav,2,43,car_horn,False,138465,A,car_horn
tests/data/sounds-dataset-1000/audio/2-140841-A-30.wav,2,30,door_wood_knock,False,140841,A,door_wood_knock
tests/data/sounds-dataset-1000/audio/2-141563-A-39.wav,2,39,glass_breaking,False,141563,A,toilet_flush
tests/data/sounds-dataset-1000/audio/2-141681-B-36.wav,2,36,vacuum_cleaner,False,141681,B,pouring_water
tests/data/sounds-dataset-1000/audio/2-141682-A-36.wav,2,36,vacuum_cleaner,False,141682,A,vacuum_cleaner
tests/data/sounds-dataset-1000/audio/2-141682-B-36.wav,2,36,vacuum_cleaner,False,141682,B,helicopter
tests/data/sounds-dataset-1000/audio/2-146877-A-31.wav,2,31,mouse_click,False,146877,A,mouse_click
tests/data/sounds-dataset-1000/audio/2-146877-B-31.wav,2,31,mouse_click,False,146877,B,mouse_click
tests/data/sounds-dataset-1000/audio/2-152895-A-31.wav,2,31,mouse_click,False,152895,A,keyboard_typing
tests/data/sounds-dataset-1000/audio/2-152964-A-31.wav,2,31,mouse_click,False,152964,A,mouse_click
tests/data/sounds-dataset-1000/audio/2-154688-A-31.wav,2,31,mouse_click,False,154688,A,mouse_click
tests/data/sounds-dataset-1000/audio/2-155801-A-11.wav,2,11,sea_waves,True,155801,A,sea_waves
tests/data/sounds-dataset-1000/audio/2-157488-A-6.wav,2,6,hen,False,157488,A,rooster
tests/data/sounds-dataset-1000/audio/2-158746-A-2.wav,2,2,pig,False,158746,A,pig
tests/data/sounds-dataset-1000/audio/2-158746-B-2.wav,2,2,pig,False,158746,B,pig
tests/data/sounds-dataset-1000/audio/2-160128-A-7.wav,2,7,insects,False,160128,A,insects
tests/data/sounds-dataset-1000/audio/2-160888-A-47.wav,2,47,airplane,False,160888,A,airplane
tests/data/sounds-dataset-1000/audio/2-165801-A-48.wav,2,48,fireworks,False,165801,A,door_wood_knock
tests/data/sounds-dataset-1000/audio/2-166644-A-2.wav,2,2,pig,False,166644,A,chainsaw
tests/data/sounds-dataset-1000/audio/2-166644-C-2.wav,2,2,pig,False,166644,C,pig
tests/data/sounds-dataset-1000/audio/2-173618-A-39.wav,2,39,glass_breaking,False,173618,A,glass_breaking
tests/data/sounds-dataset-1000/audio/2-182508-A-8.wav,2,8,sheep,False,182508,A,cow
tests/data/sounds-dataset-1000/audio/2-182508-B-8.wav,2,8,sheep,False,182508,B,cow
tests/data/sounds-dataset-1000/audio/2-184077-A-49.wav,2,49,hand_saw,False,184077,A,hand_saw
tests/data/sounds-dataset-1000/audio/2-18766-B-12.wav,2,12,crackling_fire,True,18766,B,crackling_fire
tests/data/sounds-dataset-1000/audio/2-188822-A-40.wav,2,40,helicopter,True,188822,A,train
tests/data/sounds-dataset-1000/audio/2-205966-A-16.wav,2,16,wind,False,205966,A,rain
tests/data/sounds-dataset-1000/audio/2-209472-A-25.wav,2,25,footsteps,False,209472,A,fireworks
tests/data/sounds-dataset-1000/audio/2-209473-A-25.wav,2,25,footsteps,False,209473,A,footsteps
tests/data/sounds-dataset-1000/audio/2-209474-A-25.wav,2,25,footsteps,False,209474,A,glass_breaking
tests/data/sounds-dataset-1000/audio/2-209476-A-25.wav,2,25,footsteps,False,209476,A,clapping
tests/data/sounds-dataset-1000/audio/2-209477-A-25.wav,2,25,footsteps,False,209477,A,footsteps
tests/data/sounds-dataset-1000/audio/2-209478-A-25.wav,2,25,footsteps,False,209478,A,clapping
tests/data/sounds-dataset-1000/audio/2-25292-A-22.wav,2,22,clapping,False,25292,A,clapping
tests/data/sounds-dataset-1000/audio/2-25293-A-22.wav,2,22,clapping,False,25293,A,clapping
tests/data/sounds-dataset-1000/audio/2-262579-A-45.wav,2,45,train,False,262579,A,train
tests/data/sounds-dataset-1000/audio/2-28314-A-12.wav,2,12,crackling_fire,True,28314,A,crackling_fire
tests/data/sounds-dataset-1000/audio/2-28314-B-12.wav,2,12,crackling_fire,True,28314,B,crackling_fire
tests/data/sounds-dataset-1000/audio/2-32515-C-4.wav,2,4,frog,False,32515,C,frog
tests/data/sounds-dataset-1000/audio/2-32834-A-4.wav,2,4,frog,False,32834,A,frog
tests/data/sounds-dataset-1000/audio/2-37806-A-40.wav,2,40,helicopter,True,37806,A,chainsaw
tests/data/sounds-dataset-1000/audio/2-37806-B-40.wav,2,40,helicopter,True,37806,B,chainsaw
tests/data/sounds-dataset-1000/audio/2-37806-C-40.wav,2,40,helicopter,True,37806,C,helicopter
tests/data/sounds-dataset-1000/audio/2-39441-A-19.wav,2,19,thunderstorm,False,39441,A,thunderstorm
tests/data/sounds-dataset-1000/audio/2-39443-B-19.wav,2,19,thunderstorm,False,39443,B,thunderstorm
tests/data/sounds-dataset-1000/audio/2-39945-A-19.wav,2,19,thunderstorm,False,39945,A,thunderstorm
tests/data/sounds-dataset-1000/audio/2-50665-A-20.wav,2,20,crying_baby,True,50665,A,cat
tests/data/sounds-dataset-1000/audio/2-50774-A-23.wav,2,23,breathing,False,50774,A,breathing
tests/data/sounds-dataset-1000/audio/2-51173-A-35.wav,2,35,washing_machine,False,51173,A,train
tests/data/sounds-dataset-1000/audio/2-51630-A-49.wav,2,49,hand_saw,False,51630,A,hand_saw
tests/data/sounds-dataset-1000/audio/2-52001-B-28.wav,2,28,snoring,False,52001,B,snoring
tests/data/sounds-dataset-1000/audio/2-54962-A-23.wav,2,23,breathing,False,54962,A,snoring
tests/data/sounds-dataset-1000/audio/2-59241-A-35.wav,2,35,washing_machine,False,59241,A,helicopter
tests/data/sounds-dataset-1000/audio/2-60180-A-49.wav,2,49,hand_saw,False,60180,A,dog
tests/data/sounds-dataset-1000/audio/2-60180-B-49.wav,2,49,hand_saw,False,60180,B,pig
tests/data/sounds-dataset-1000/audio/2-60791-A-26.wav,2,26,laughing,False,60791,A,laughing
tests/data/sounds-dataset-1000/audio/2-60795-A-26.wav,2,26,laughing,False,60795,A,pig
tests/data/sounds-dataset-1000/audio/2-61311-A-12.wav,2,12,crackling_fire,True,61311,A,crackling_fire
tests/data/sounds-dataset-1000/audio/2-64332-A-18.wav,2,18,toilet_flush,False,64332,A,pouring_water
tests/data/sounds-dataset-1000/audio/2-64962-A-15.wav,2,15,water_drops,False,64962,A,pouring_water
tests/data/sounds-dataset-1000/audio/2-64963-A-15.wav,2,15,water_drops,False,64963,A,water_drops
tests/data/sounds-dataset-1000/audio/2-65484-A-18.wav,2,18,toilet_flush,False,65484,A,pouring_water
tests/data/sounds-dataset-1000/audio/2-65750-A-1.wav,2,1,rooster,True,65750,A,rooster
tests/data/sounds-dataset-1000/audio/2-69131-B-5.wav,2,5,cat,False,69131,B,cat
tests/data/sounds-dataset-1000/audio/2-70052-A-42.wav,2,42,siren,False,70052,A,siren
tests/data/sounds-dataset-1000/audio/2-70052-B-42.wav,2,42,siren,False,70052,B,siren
tests/data/sounds-dataset-1000/audio/2-70280-A-18.wav,2,18,toilet_flush,False,70280,A,toilet_flush
tests/data/sounds-dataset-1000/audio/2-70938-A-42.wav,2,42,siren,False,70938,A,siren
tests/data/sounds-dataset-1000/audio/2-70939-A-42.wav,2,42,siren,False,70939,A,siren
tests/data/sounds-dataset-1000/audio/2-72547-A-14.wav,2,14,chirping_birds,False,72547,A,chirping_birds
tests/data/sounds-dataset-1000/audio/2-72547-B-14.wav,2,14,chirping_birds,False,72547,B,chirping_birds
tests/data/sounds-dataset-1000/audio/2-72547-C-14.wav,2,14,chirping_birds,False,72547,C,chirping_birds
tests/data/sounds-dataset-1000/audio/2-72547-D-14.wav,2,14,chirping_birds,False,72547,D,crow
tests/data/sounds-dataset-1000/audio/2-72970-A-10.wav,2,10,rain,True,72970,A,rain
tests/data/sounds-dataset-1000/audio/2-73027-A-10.wav,2,10,rain,True,73027,A,rain
tests/data/sounds-dataset-1000/audio/2-7321-A-33.wav,2,33,door_wood_creaks,False,7321,A,water_drops
tests/data/sounds-dataset-1000/audio/2-73544-A-27.wav,2,27,brushing_teeth,False,73544,A,pouring_water
tests/data/sounds-dataset-1000/audio/2-74361-A-47.wav,2,47,airplane,False,74361,A,airplane
tests/data/sounds-dataset-1000/audio/2-76408-C-22.wav,2,22,clapping,False,76408,C,clapping
tests/data/sounds-dataset-1000/audio/2-76408-D-22.wav,2,22,clapping,False,76408,D,clapping
tests/data/sounds-dataset-1000/audio/2-76868-A-6.wav,2,6,hen,False,76868,A,rooster
tests/data/sounds-dataset-1000/audio/2-77346-A-46.wav,2,46,church_bells,False,77346,A,church_bells
tests/data/sounds-dataset-1000/audio/2-77347-A-46.wav,2,46,church_bells,False,77347,A,church_bells
tests/data/sounds-dataset-1000/audio/2-78381-A-46.wav,2,46,church_bells,False,78381,A,church_bells
tests/data/sounds-dataset-1000/audio/2-78651-A-44.wav,2,44,engine,False,78651,A,chainsaw
tests/data/sounds-dataset-1000/audio/2-79769-A-26.wav,2,26,laughing,False,79769,A,crying_baby
tests/data/sounds-dataset-1000/audio/2-80482-A-20.wav,2,20,crying_baby,True,80482,A,crying_baby
tests/data/sounds-dataset-1000/audio/2-81731-A-10.wav,2,10,rain,True,81731,A,water_drops
tests/data/sounds-dataset-1000/audio/2-81970-B-7.wav,2,7,insects,False,81970,B,insects
tests/data/sounds-dataset-1000/audio/2-81970-C-7.wav,2,7,insects,False,81970,C,insects
tests/data/sounds-dataset-1000/audio/2-82071-A-27.wav,2,27,brushing_teeth,False,82071,A,brushing_teeth
tests/data/sounds-dataset-1000/audio/2-82077-A-7.wav,2,7,insects,False,82077,A,insects
tests/data/sounds-dataset-1000/audio/2-83270-A-13.wav,2,13,crickets,False,83270,A,clock_alarm
tests/data/sounds-dataset-1000/audio/2-83667-A-34.wav,2,34,can_opening,False,83667,A,can_opening
tests/data/sounds-dataset-1000/audio/2-83688-A-34.wav,2,34,can_opening,False,83688,A,can_opening
tests/data/sounds-dataset-1000/audio/2-83934-A-5.wav,2,5,cat,False,83934,A,cat
tests/data/sounds-dataset-1000/audio/2-83934-B-5.wav,2,5,cat,False,83934,B,cat
tests/data/sounds-dataset-1000/audio/2-84943-A-18.wav,2,18,toilet_flush,False,84943,A,toilet_flush
tests/data/sounds-dataset-1000/audio/2-85471-A-34.wav,2,34,can_opening,False,85471,A,pouring_water
tests/data/sounds-dataset-1000/audio/2-85945-A-18.wav,2,18,toilet_flush,False,85945,A,pouring_water
tests/data/sounds-dataset-1000/audio/2-87282-A-34.wav,2,34,can_opening,False,87282,A,can_opening
tests/data/sounds-dataset-1000/audio/2-87794-A-24.wav,2,24,coughing,False,87794,A,coughing
tests/data/sounds-dataset-1000/audio/2-87795-A-24.wav,2,24,coughing,False,87795,A,coughing
tests/data/sounds-dataset-1000/audio/2-88724-A-38.wav,2,38,clock_tick,True,88724,A,clock_tick
tests/data/sounds-dataset-1000/audio/2-91912-B-33.wav,2,33,door_wood_creaks,False,91912,B,door_wood_creaks
tests/data/sounds-dataset-1000/audio/2-92627-A-27.wav,2,27,brushing_teeth,False,92627,A,pig
tests/data/sounds-dataset-1000/audio/2-93030-A-21.wav,2,21,sneezing,True,93030,A,sneezing
tests/data/sounds-dataset-1000/audio/2-94230-A-27.wav,2,27,brushing_teeth,False,94230,A,hand_saw
tests/data/sounds-dataset-1000/audio/2-94807-A-29.wav,2,29,drinking_sipping,False,94807,A,drinking_sipping
tests/data/sounds-dataset-1000/audio/2-95258-B-1.wav,2,1,rooster,True,95258,B,chirping_birds
tests/data/sounds-dataset-1000/audio/2-95567-A-23.wav,2,23,breathing,False,95567,A,breathing
tests/data/sounds-dataset-1000/audio/2-96033-A-13.wav,2,13,crickets,False,96033,A,frog
tests/data/sounds-dataset-1000/audio/2-96063-A-37.wav,2,37,clock_alarm,False,96063,A,clock_alarm
tests/data/sounds-dataset-1000/audio/2-98392-A-23.wav,2,23,breathing,False,98392,A,siren
tests/data/sounds-dataset-1000/audio/2-99955-B-7.wav,2,7,insects,False,99955,B,insects
tests/data/sounds-dataset-1000/audio/2-99955-C-7.wav,2,7,insects,False,99955,C,snoring
tests/data/sounds-dataset-1000/audio/3-100024-B-27.wav,3,27,brushing_teeth,False,100024,B,brushing_teeth
tests/data/sounds-dataset-1000/audio/3-102583-B-49.wav,3,49,hand_saw,False,102583,B,hand_saw
tests/data/sounds-dataset-1000/audio/3-102583-C-49.wav,3,49,hand_saw,False,102583,C,hand_saw
tests/data/sounds-dataset-1000/audio/3-102908-A-4.wav,3,4,frog,False,102908,A,rain
tests/data/sounds-dataset-1000/audio/3-103050-A-19.wav,3,19,thunderstorm,False,103050,A,thunderstorm
tests/data/sounds-dataset-1000/audio/3-103051-A-19.wav,3,19,thunderstorm,False,103051,A,thunderstorm
tests/data/sounds-dataset-1000/audio/3-103051-C-19.wav,3,19,thunderstorm,False,103051,C,thunderstorm
tests/data/sounds-dataset-1000/audio/3-103401-A-33.wav,3,33,door_wood_creaks,False,103401,A,door_wood_creaks
tests/data/sounds-dataset-1000/audio/3-103401-D-33.wav,3,33,door_wood_creaks,False,103401,D,chainsaw
tests/data/sounds-dataset-1000/audio/3-103597-A-25.wav,3,25,footsteps,False,103597,A,rain
tests/data/sounds-dataset-1000/audio/3-103598-A-25.wav,3,25,footsteps,False,103598,A,footsteps
tests/data/sounds-dataset-1000/audio/3-103599-A-25.wav,3,25,footsteps,False,103599,A,footsteps
tests/data/sounds-dataset-1000/audio/3-103599-B-25.wav,3,25,footsteps,False,103599,B,footsteps
tests/data/sounds-dataset-1000/audio/3-104958-A-12.wav,3,12,crackling_fire,True,104958,A,water_drops
tests/data/sounds-dataset-1000/audio/3-108160-A-23.wav,3,23,breathing,False,108160,A,breathing
tests/data/sounds-dataset-1000/audio/3-108677-A-18.wav,3,18,toilet_flush,False,108677,A,pouring_water
tests/data/sounds-dataset-1000/audio/3-110536-A-26.wav,3,26,laughing,False,110536,A,sheep
tests/data/sounds-dataset-1000/audio/3-110913-B-7.wav,3,7,insects,False,110913,B,insects
tests/data/sounds-dataset-1000/audio/3-110913-D-7.wav,3,7,insects,False,110913,D,airplane
tests/data/sounds-dataset-1000/audio/3-111102-A-46.wav,3,46,church_bells,False,111102,A,church_bells
tests/data/sounds-dataset-1000/audio/3-112356-A-18.wav,3,18,toilet_flush,False,112356,A,pouring_water
tests/data/sounds-dataset-1000/audio/3-112522-A-27.wav,3,27,brushing_teeth,False,112522,A,hand_saw
tests/data/sounds-dataset-1000/audio/3-112557-A-23.wav,3,23,breathing,False,112557,A,breathing
tests/data/sounds-dataset-1000/audio/3-112557-B-23.wav,3,23,breathing,False,112557,B,breathing
tests/data/sounds-dataset-1000/audio/3-115387-C-47.wav,3,47,airplane,False,115387,C,helicopter
tests/data/sounds-dataset-1000/audio/3-117883-A-37.wav,3,37,clock_alarm,False,117883,A,siren
tests/data/sounds-dataset-1000/audio/3-118069-A-27.wav,3,27,brushing_teeth,False,118069,A,hand_saw
tests/data/sounds-dataset-1000/audio/3-118194-A-33.wav,3,33,door_wood_creaks,False,118194,A,hand_saw
tests/data/sounds-dataset-1000/audio/3-118656-A-41.wav,3,41,chainsaw,True,118656,A,chainsaw
tests/data/sounds-dataset-1000/audio/3-118657-A-41.wav,3,41,chainsaw,True,118657,A,chainsaw
tests/data/sounds-dataset-1000/audio/3-118658-A-41.wav,3,41,chainsaw,True,118658,A,chainsaw
tests/data/sounds-dataset-1000/audio/3-118658-B-41.wav,3,41,chainsaw,True,118658,B,chainsaw
tests/data/sounds-dataset-1000/audio/3-118972-B-41.wav,3,41,chainsaw,True,118972,B,chainsaw
tests/data/sounds-dataset-1000/audio/3-119120-B-48.wav,3,48,fireworks,False,119120,B,fireworks
tests/data/sounds-dataset-1000/audio/3-119455-A-44.wav,3,44,engine,False,119455,A,engine
tests/data/sounds-dataset-1000/audio/3-119459-A-26.wav,3,26,laughing,False,119459,A,laughing
tests/data/sounds-dataset-1000/audio/3-122110-A-46.wav,3,46,church_bells,False,122110,A,church_bells
tests/data/sounds-dataset-1000/audio/3-123224-A-19.wav,3,19,thunderstorm,False,123224,A,thunderstorm
tests/data/sounds-dataset-1000/audio/3-124925-A-9.wav,3,9,crow,False,124925,A,cat
tests/data/sounds-dataset-1000/audio/3-124958-A-28.wav,3,28,snoring,False,124958,A,snoring
tests/data/sounds-dataset-1000/audio/3-125418-A-24.wav,3,24,coughing,False,125418,A,coughing
tests/data/sounds-dataset-1000/audio/3-125548-A-32.wav,3,32,keyboard_typing,False,125548,A,keyboard_typing
tests/data/sounds-dataset-1000/audio/3-126358-B-3.wav,3,3,cow,False,126358,B,pig
tests/data/sounds-dataset-1000/audio/3-126391-A-27.wav,3,27,brushing_teeth,False,126391,A,pig
tests/data/sounds-dataset-1000/audio/3-128512-A-47.wav,3,47,airplane,False,128512,A,airplane
tests/data/sounds-dataset-1000/audio/3-128512-B-47.wav,3,47,airplane,False,128512,B,clock_tick
tests/data/sounds-dataset-1000/audio/3-129338-A-13.wav,3,13,crickets,False,129338,A,crickets
tests/data/sounds-dataset-1000/audio/3-129678-A-13.wav,3,13,crickets,False,129678,A,crickets
tests/data/sounds-dataset-1000/audio/3-130330-A-22.wav,3,22,clapping,False,130330,A,glass_breaking
tests/data/sounds-dataset-1000/audio/3-130998-A-28.wav,3,28,snoring,False,130998,A,engine
tests/data/sounds-dataset-1000/audio/3-130998-B-28.wav,3,28,snoring,False,130998,B,pig
tests/data/sounds-dataset-1000/audio/3-132340-A-37.wav,3,37,clock_alarm,False,132340,A,clock_tick
tests/data/sounds-dataset-1000/audio/3-132601-A-24.wav,3,24,coughing,False,132601,A,coughing
tests/data/sounds-dataset-1000/audio/3-133977-A-29.wav,3,29,drinking_sipping,False,133977,A,snoring
tests/data/sounds-dataset-1000/audio/3-134049-A-1.wav,3,1,rooster,True,134049,A,rooster
tests/data/sounds-dataset-1000/audio/3-134699-A-16.wav,3,16,wind,False,134699,A,airplane
tests/data/sounds-dataset-1000/audio/3-134699-B-16.wav,3,16,wind,False,134699,B,rain
tests/data/sounds-dataset-1000/audio/3-135650-A-45.wav,3,45,train,False,135650,A,train
tests/data/sounds-dataset-1000/audio/3-135650-B-45.wav,3,45,train,False,135650,B,toilet_flush
tests/data/sounds-dataset-1000/audio/3-136288-A-0.wav,3,0,dog,True,136288,A,dog
tests/data/sounds-dataset-1000/audio/3-136608-A-16.wav,3,16,wind,False,136608,A,rain
tests/data/sounds-dataset-1000/audio/3-137152-A-1.wav,3,1,rooster,True,137152,A,rooster
tests/data/sounds-dataset-1000/audio/3-139331-A-27.wav,3,27,brushing_teeth,False,139331,A,pig
tests/data/sounds-dataset-1000/audio/3-139958-A-37.wav,3,37,clock_alarm,False,139958,A,clock_alarm
tests/data/sounds-dataset-1000/audio/3-140199-A-8.wav,3,8,sheep,False,140199,A,cow
tests/data/sounds-dataset-1000/audio/3-140323-A-29.wav,3,29,drinking_sipping,False,140323,A,drinking_sipping
tests/data/sounds-dataset-1000/audio/3-140774-A-10.wav,3,10,rain,True,140774,A,fireworks
tests/data/sounds-dataset-1000/audio/3-141240-A-44.wav,3,44,engine,False,141240,A,chainsaw
tests/data/sounds-dataset-1000/audio/3-141240-B-44.wav,3,44,engine,False,141240,B,engine
tests/data/sounds-dataset-1000/audio/3-141559-A-45.wav,3,45,train,False,141559,A,train
tests/data/sounds-dataset-1000/audio/3-141684-A-21.wav,3,21,sneezing,True,141684,A,coughing
tests/data/sounds-dataset-1000/audio/3-142005-A-10.wav,3,10,rain,True,142005,A,rain
tests/data/sounds-dataset-1000/audio/3-142006-A-10.wav,3,10,rain,True,142006,A,rain
tests/data/sounds-dataset-1000/audio/3-142349-A-17.wav,3,17,pouring_water,False,142349,A,pouring_water
tests/data/sounds-dataset-1000/audio/3-142605-A-21.wav,3,21,sneezing,True,142605,A,sneezing
tests/data/sounds-dataset-1000/audio/3-143119-A-21.wav,3,21,sneezing,True,143119,A,sneezing
tests/data/sounds-dataset-1000/audio/3-143560-A-47.wav,3,47,airplane,False,143560,A,airplane
tests/data/sounds-dataset-1000/audio/3-143929-A-10.wav,3,10,rain,True,143929,A,rain
tests/data/sounds-dataset-1000/audio/3-144692-A-21.wav,3,21,sneezing,True,144692,A,sneezing
tests/data/sounds-dataset-1000/audio/3-144827-A-11.wav,3,11,sea_waves,True,144827,A,rain
tests/data/sounds-dataset-1000/audio/3-144827-B-11.wav,3,11,sea_waves,True,144827,B,sea_waves
tests/data/sounds-dataset-1000/audio/3-144891-A-19.wav,3,19,thunderstorm,False,144891,A,thunderstorm
tests/data/sounds-dataset-1000/audio/3-144891-B-19.wav,3,19,thunderstorm,False,144891,B,thunderstorm
tests/data/sounds-dataset-1000/audio/3-145387-A-29.wav,3,29,drinking_sipping,False,145387,A,drinking_sipping
tests/data/sounds-dataset-1000/audio/3-146033-A-13.wav,3,13,crickets,False,146033,A,crickets
tests/data/sounds-dataset-1000/audio/3-146186-A-44.wav,3,44,engine,False,146186,A,engine
tests/data/sounds-dataset-1000/audio/3-146873-A-24.wav,3,24,coughing,False,146873,A,coughing
tests/data/sounds-dataset-1000/audio/3-146965-A-5.wav,3,5,cat,False,146965,A,cat
tests/data/sounds-dataset-1000/audio/3-146972-A-5.wav,3,5,cat,False,146972,A,cat
tests/data/sounds-dataset-1000/audio/3-147965-A-12.wav,3,12,crackling_fire,True,147965,A,water_drops
tests/data/sounds-dataset-1000/audio/3-148330-A-21.wav,3,21,sneezing,True,148330,A,sneezing
tests/data/sounds-dataset-1000/audio/3-148932-A-34.wav,3,34,can_opening,False,148932,A,glass_breaking
tests/data/sounds-dataset-1000/audio/3-149042-A-24.wav,3,24,coughing,False,149042,A,coughing
tests/data/sounds-dataset-1000/audio/3-149189-A-1.wav,3,1,rooster,True,149189,A,rooster
tests/data/sounds-dataset-1000/audio/3-149448-A-17.wav,3,17,pouring_water,False,149448,A,pouring_water
tests/data/sounds-dataset-1000/audio/3-150231-A-21.wav,3,21,sneezing,True,150231,A,sneezing
tests/data/sounds-dataset-1000/audio/3-150979-B-40.wav,3,40,helicopter,True,150979,B,airplane
tests/data/sounds-dataset-1000/audio/3-150979-C-40.wav,3,40,helicopter,True,150979,C,helicopter
tests/data/sounds-dataset-1000/audio/3-151089-A-30.wav,3,30,door_wood_knock,False,151089,A,door_wood_knock
tests/data/sounds-dataset-1000/audio/3-151206-A-23.wav,3,23,breathing,False,151206,A,breathing
tests/data/sounds-dataset-1000/audio/3-151212-A-24.wav,3,24,coughing,False,151212,A,coughing
tests/data/sounds-dataset-1000/audio/3-151213-A-24.wav,3,24,coughing,False,151213,A,coughing
tests/data/sounds-dataset-1000/audio/3-151273-A-35.wav,3,35,washing_machine,False,151273,A,chainsaw
tests/data/sounds-dataset-1000/audio/3-151557-A-28.wav,3,28,snoring,False,151557,A,snoring
tests/data/sounds-dataset-1000/audio/3-151557-B-28.wav,3,28,snoring,False,151557,B,snoring
tests/data/sounds-dataset-1000/audio/3-152007-A-20.wav,3,20,crying_baby,True,152007,A,crying_baby
tests/data/sounds-dataset-1000/audio/3-152007-C-20.wav,3,20,crying_baby,True,152007,C,crying_baby
tests/data/sounds-dataset-1000/audio/3-152007-D-20.wav,3,20,crying_baby,True,152007,D,crying_baby
tests/data/sounds-dataset-1000/audio/3-152020-B-36.wav,3,36,vacuum_cleaner,False,152020,B,vacuum_cleaner
tests/data/sounds-dataset-1000/audio/3-152912-A-26.wav,3,26,laughing,False,152912,A,pig
tests/data/sounds-dataset-1000/audio/3-154378-A-30.wav,3,30,door_wood_knock,False,154378,A,door_wood_knock
tests/data/sounds-dataset-1000/audio/3-154439-A-17.wav,3,17,pouring_water,False,154439,A,pouring_water
tests/data/sounds-dataset-1000/audio/3-154926-B-40.wav,3,40,helicopter,True,154926,B,airplane
tests/data/sounds-dataset-1000/audio/3-155130-A-43.wav,3,43,car_horn,False,155130,A,car_horn
tests/data/sounds-dataset-1000/audio/3-155568-A-32.wav,3,32,keyboard_typing,False,155568,A,keyboard_typing
tests/data/sounds-dataset-1000/audio/3-155570-A-32.wav,3,32,keyboard_typing,False,155570,A,keyboard_typing
tests/data/sounds-dataset-1000/audio/3-155578-A-14.wav,3,14,chirping_birds,False,155578,A,crickets
tests/data/sounds-dataset-1000/audio/3-155579-A-14.wav,3,14,chirping_birds,False,155579,A,chirping_birds
tests/data/sounds-dataset-1000/audio/3-155642-A-11.wav,3,11,sea_waves,True,155642,A,sea_waves
tests/data/sounds-dataset-1000/audio/3-155642-B-11.wav,3,11,sea_waves,True,155642,B,sea_waves
tests/data/sounds-dataset-1000/audio/3-156581-A-14.wav,3,14,chirping_birds,False,156581,A,chirping_birds
tests/data/sounds-dataset-1000/audio/3-157149-A-10.wav,3,10,rain,True,157149,A,rain
tests/data/sounds-dataset-1000/audio/3-157487-A-10.wav,3,10,rain,True,157487,A,rain
tests/data/sounds-dataset-1000/audio/3-157492-A-45.wav,3,45,train,False,157492,A,train
tests/data/sounds-dataset-1000/audio/3-157615-A-10.wav,3,10,rain,True,157615,A,rain
tests/data/sounds-dataset-1000/audio/3-157695-A-0.wav,3,0,dog,True,157695,A,dog
tests/data/sounds-dataset-1000/audio/3-158056-B-31.wav,3,31,mouse_click,False,158056,B,mouse_click
tests/data/sounds-dataset-1000/audio/3-158476-A-12.wav,3,12,crackling_fire,True,158476,A,rain
tests/data/sounds-dataset-1000/audio/3-159347-A-36.wav,3,36,vacuum_cleaner,False,159347,A,chainsaw
tests/data/sounds-dataset-1000/audio/3-159348-A-36.wav,3,36,vacuum_cleaner,False,159348,A,vacuum_cleaner
tests/data/sounds-dataset-1000/audio/3-160993-A-3.wav,3,3,cow,False,160993,A,engine
tests/data/sounds-dataset-1000/audio/3-161010-A-43.wav,3,43,car_horn,False,161010,A,car_horn
tests/data/sounds-dataset-1000/audio/3-163607-A-13.wav,3,13,crickets,False,163607,A,vacuum_cleaner
tests/data/sounds-dataset-1000/audio/3-163727-A-3.wav,3,3,cow,False,163727,A,cow
tests/data/sounds-dataset-1000/audio/3-164216-B-6.wav,3,6,hen,False,164216,B,pig
tests/data/sounds-dataset-1000/audio/3-164592-A-15.wav,3,15,water_drops,False,164592,A,mouse_click
tests/data/sounds-dataset-1000/audio/3-164595-A-15.wav,3,15,water_drops,False,164595,A,water_drops
tests/data/sounds-dataset-1000/audio/3-164630-A-11.wav,3,11,sea_waves,True,164630,A,sea_waves
tests/data/sounds-dataset-1000/audio/3-164688-A-38.wav,3,38,clock_tick,True,164688,A,clock_tick
tests/data/sounds-dataset-1000/audio/3-166125-A-23.wav,3,23,breathing,False,166125,A,breathing
tests/data/sounds-dataset-1000/audio/3-166324-A-15.wav,3,15,water_drops,False,166324,A,mouse_click
tests/data/sounds-dataset-1000/audio/3-166326-A-15.wav,3,15,water_drops,False,166326,A,drinking_sipping
tests/data/sounds-dataset-1000/audio/3-166422-A-11.wav,3,11,sea_waves,True,166422,A,sea_waves
tests/data/sounds-dataset-1000/audio/3-167096-A-31.wav,3,31,mouse_click,False,167096,A,mouse_click
tests/data/sounds-dataset-1000/audio/3-170002-A-34.wav,3,34,can_opening,False,170002,A,glass_breaking
tests/data/sounds-dataset-1000/audio/3-170383-A-38.wav,3,38,clock_tick,True,170383,A,clock_tick
tests/data/sounds-dataset-1000/audio/3-170851-A-31.wav,3,31,mouse_click,False,170851,A,mouse_click
tests/data/sounds-dataset-1000/audio/3-171012-A-38.wav,3,38,clock_tick,True,171012,A,clock_tick
tests/data/sounds-dataset-1000/audio/3-171281-A-6.wav,3,6,hen,False,171281,A,pig
tests/data/sounds-dataset-1000/audio/3-171937-A-34.wav,3,34,can_opening,False,171937,A,can_opening
tests/data/sounds-dataset-1000/audio/3-172179-A-31.wav,3,31,mouse_click,False,172179,A,mouse_click
tests/data/sounds-dataset-1000/audio/3-174840-A-43.wav,3,43,car_horn,False,174840,A,siren
tests/data/sounds-dataset-1000/audio/3-174866-A-29.wav,3,29,drinking_sipping,False,174866,A,drinking_sipping
tests/data/sounds-dataset-1000/audio/3-177082-A-22.wav,3,22,clapping,False,177082,A,clapping
tests/data/sounds-dataset-1000/audio/3-178096-A-6.wav,3,6,hen,False,178096,A,pig
tests/data/sounds-dataset-1000/audio/3-180256-A-0.wav,3,0,dog,True,180256,A,dog
tests/data/sounds-dataset-1000/audio/3-181132-A-14.wav,3,14,chirping_birds,False,181132,A,chirping_birds
tests/data/sounds-dataset-1000/audio/3-182023-A-30.wav,3,30,door_wood_knock,False,182023,A,door_wood_knock
tests/data/sounds-dataset-1000/audio/3-182025-A-30.wav,3,30,door_wood_knock,False,182025,A,door_wood_knock
tests/data/sounds-dataset-1000/audio/3-185313-A-31.wav,3,31,mouse_click,False,185313,A,mouse_click
tests/data/sounds-dataset-1000/audio/3-185456-A-29.wav,3,29,drinking_sipping,False,185456,A,drinking_sipping
tests/data/sounds-dataset-1000/audio/3-193767-A-47.wav,3,47,airplane,False,193767,A,airplane
tests/data/sounds-dataset-1000/audio/3-197408-A-8.wav,3,8,sheep,False,197408,A,cow
tests/data/sounds-dataset-1000/audio/3-197408-C-8.wav,3,8,sheep,False,197408,C,cow
tests/data/sounds-dataset-1000/audio/3-203371-A-39.wav,3,39,glass_breaking,False,203371,A,glass_breaking
tests/data/sounds-dataset-1000/audio/3-216284-A-39.wav,3,39,glass_breaking,False,216284,A,can_opening
tests/data/sounds-dataset-1000/audio/3-249913-A-25.wav,3,25,footsteps,False,249913,A,footsteps
tests/data/sounds-dataset-1000/audio/3-253084-D-2.wav,3,2,pig,False,253084,D,pig
tests/data/sounds-dataset-1000/audio/3-257858-A-2.wav,3,2,pig,False,257858,A,pig
tests/data/sounds-dataset-1000/audio/3-259622-A-44.wav,3,44,engine,False,259622,A,engine
tests/data/sounds-dataset-1000/audio/3-51376-A-42.wav,3,42,siren,False,51376,A,siren
tests/data/sounds-dataset-1000/audio/3-51909-A-42.wav,3,42,siren,False,51909,A,siren
tests/data/sounds-dataset-1000/audio/3-51909-B-42.wav,3,42,siren,False,51909,B,siren
tests/data/sounds-dataset-1000/audio/3-70962-A-4.wav,3,4,frog,False,70962,A,sheep
tests/data/sounds-dataset-1000/audio/3-70962-C-4.wav,3,4,frog,False,70962,C,chainsaw
tests/data/sounds-dataset-1000/audio/3-71964-A-4.wav,3,4,frog,False,71964,A,frog
tests/data/sounds-dataset-1000/audio/3-71964-B-4.wav,3,4,frog,False,71964,B,frog
tests/data/sounds-dataset-1000/audio/3-71964-C-4.wav,3,4,frog,False,71964,C,crickets
tests/data/sounds-dataset-1000/audio/3-83527-A-4.wav,3,4,frog,False,83527,A,frog
tests/data/sounds-dataset-1000/audio/3-87936-B-46.wav,3,46,church_bells,False,87936,B,church_bells
tests/data/sounds-dataset-1000/audio/3-92637-A-18.wav,3,18,toilet_flush,False,92637,A,toilet_flush
tests/data/sounds-dataset-1000/audio/3-94343-A-25.wav,3,25,footsteps,False,94343,A,footsteps
tests/data/sounds-dataset-1000/audio/3-95695-A-5.wav,3,5,cat,False,95695,A,siren
tests/data/sounds-dataset-1000/audio/3-95695-B-5.wav,3,5,cat,False,95695,B,cat
tests/data/sounds-dataset-1000/audio/3-95698-A-5.wav,3,5,cat,False,95698,A,cat
tests/data/sounds-dataset-1000/audio/3-96606-A-49.wav,3,49,hand_saw,False,96606,A,hand_saw
tests/data/sounds-dataset-1000/audio/3-97909-B-49.wav,3,49,hand_saw,False,97909,B,hand_saw
tests/data/sounds-dataset-1000/audio/3-98771-A-18.wav,3,18,toilet_flush,False,98771,A,pouring_water
tests/data/sounds-dataset-1000/audio/4-102844-A-49.wav,4,49,hand_saw,False,102844,A,hand_saw
tests/data/sounds-dataset-1000/audio/4-102844-C-49.wav,4,49,hand_saw,False,102844,C,hand_saw
tests/data/sounds-dataset-1000/audio/4-107117-A-33.wav,4,33,door_wood_creaks,False,107117,A,chainsaw
tests/data/sounds-dataset-1000/audio/4-107122-A-33.wav,4,33,door_wood_creaks,False,107122,A,door_wood_creaks
tests/data/sounds-dataset-1000/audio/4-111671-A-42.wav,4,42,siren,False,111671,A,siren
tests/data/sounds-dataset-1000/audio/4-119648-A-48.wav,4,48,fireworks,False,119648,A,fireworks
tests/data/sounds-dataset-1000/audio/4-119720-A-18.wav,4,18,toilet_flush,False,119720,A,toilet_flush
tests/data/sounds-dataset-1000/audio/4-120160-A-5.wav,4,5,cat,False,120160,A,pig
tests/data/sounds-dataset-1000/audio/4-123680-A-18.wav,4,18,toilet_flush,False,123680,A,pouring_water
tests/data/sounds-dataset-1000/audio/4-125071-A-19.wav,4,19,thunderstorm,False,125071,A,wind
tests/data/sounds-dataset-1000/audio/4-125825-A-46.wav,4,46,church_bells,False,125825,A,church_bells
tests/data/sounds-dataset-1000/audio/4-125825-B-46.wav,4,46,church_bells,False,125825,B,church_bells
tests/data/sounds-dataset-1000/audio/4-125929-A-40.wav,4,40,helicopter,True,125929,A,helicopter
tests/data/sounds-dataset-1000/audio/4-126046-A-18.wav,4,18,toilet_flush,False,126046,A,chainsaw
tests/data/sounds-dataset-1000/audio/4-128659-A-33.wav,4,33,door_wood_creaks,False,128659,A,mouse_click
tests/data/sounds-dataset-1000/audio/4-130891-A-7.wav,4,7,insects,False,130891,A,pig
tests/data/sounds-dataset-1000/audio/4-132383-B-2.wav,4,2,pig,False,132383,B,pig
tests/data/sounds-dataset-1000/audio/4-132810-A-26.wav,4,26,laughing,False,132810,A,pig
tests/data/sounds-dataset-1000/audio/4-132816-A-26.wav,4,26,laughing,False,132816,A,pig
tests/data/sounds-dataset-1000/audio/4-133047-A-5.wav,4,5,cat,False,133047,A,cat
tests/data/sounds-dataset-1000/audio/4-133047-C-5.wav,4,5,cat,False,133047,C,cat
tests/data/sounds-dataset-1000/audio/4-133674-A-26.wav,4,26,laughing,False,133674,A,dog
tests/data/sounds-dataset-1000/audio/4-135439-A-18.wav,4,18,toilet_flush,False,135439,A,pouring_water
tests/data/sounds-dataset-1000/audio/4-138344-A-9.wav,4,9,crow,False,138344,A,chirping_birds
tests/data/sounds-dataset-1000/audio/4-141365-A-18.wav,4,18,toilet_flush,False,141365,A,pouring_water
tests/data/sounds-dataset-1000/audio/4-144468-A-27.wav,4,27,brushing_teeth,False,144468,A,drinking_sipping
tests/data/sounds-dataset-1000/audio/4-144468-B-27.wav,4,27,brushing_teeth,False,144468,B,brushing_teeth
tests/data/sounds-dataset-1000/audio/4-145081-A-9.wav,4,9,crow,False,145081,A,crow
tests/data/sounds-dataset-1000/audio/4-146200-A-36.wav,4,36,vacuum_cleaner,False,146200,A,chainsaw
tests/data/sounds-dataset-1000/audio/4-147657-A-46.wav,4,46,church_bells,False,147657,A,church_bells
tests/data/sounds-dataset-1000/audio/4-149294-B-41.wav,4,41,chainsaw,True,149294,B,chainsaw
tests/data/sounds-dataset-1000/audio/4-150364-A-46.wav,4,46,church_bells,False,150364,A,church_bells
tests/data/sounds-dataset-1000/audio/4-150364-B-46.wav,4,46,church_bells,False,150364,B,church_bells
tests/data/sounds-dataset-1000/audio/4-151242-A-37.wav,4,37,clock_alarm,False,151242,A,clock_alarm
tests/data/sounds-dataset-1000/audio/4-152958-A-18.wav,4,18,toilet_flush,False,152958,A,sea_waves
tests/data/sounds-dataset-1000/audio/4-154443-A-24.wav,4,24,coughing,False,154443,A,coughing
tests/data/sounds-dataset-1000/audio/4-155650-B-24.wav,4,24,coughing,False,155650,B,coughing
tests/data/sounds-dataset-1000/audio/4-156227-A-9.wav,4,9,crow,False,156227,A,chirping_birds
tests/data/sounds-dataset-1000/audio/4-156827-A-46.wav,4,46,church_bells,False,156827,A,church_bells
tests/data/sounds-dataset-1000/audio/4-156993-A-19.wav,4,19,thunderstorm,False,156993,A,thunderstorm
tests/data/sounds-dataset-1000/audio/4-157297-A-21.wav,4,21,sneezing,True,157297,A,sneezing
tests/data/sounds-dataset-1000/audio/4-157611-A-41.wav,4,41,chainsaw,True,157611,A,chainsaw
tests/data/sounds-dataset-1000/audio/4-158653-A-32.wav,4,32,keyboard_typing,False,158653,A,keyboard_typing
tests/data/sounds-dataset-1000/audio/4-159426-A-9.wav,4,9,crow,False,159426,A,rooster
tests/data/sounds-dataset-1000/audio/4-161099-A-47.wav,4,47,airplane,False,161099,A,helicopter
tests/data/sounds-dataset-1000/audio/4-161100-A-47.wav,4,47,airplane,False,161100,A,airplane
tests/data/sounds-dataset-1000/audio/4-161103-A-47.wav,4,47,airplane,False,161103,A,airplane
tests/data/sounds-dataset-1000/audio/4-161303-B-5.wav,4,5,cat,False,161303,B,cat
tests/data/sounds-dataset-1000/audio/4-161579-A-40.wav,4,40,helicopter,True,161579,A,helicopter
tests/data/sounds-dataset-1000/audio/4-161579-B-40.wav,4,40,helicopter,True,161579,B,helicopter
tests/data/sounds-dataset-1000/audio/4-163608-B-16.wav,4,16,wind,False,163608,B,wind
tests/data/sounds-dataset-1000/audio/4-163609-A-16.wav,4,16,wind,False,163609,A,helicopter
tests/data/sounds-dataset-1000/audio/4-163697-A-13.wav,4,13,crickets,False,163697,A,pouring_water
tests/data/sounds-dataset-1000/audio/4-164021-A-1.wav,4,1,rooster,True,164021,A,rooster
tests/data/sounds-dataset-1000/audio/4-164064-A-1.wav,4,1,rooster,True,164064,A,rooster
tests/data/sounds-dataset-1000/audio/4-164064-B-1.wav,4,1,rooster,True,164064,B,rooster
tests/data/sounds-dataset-1000/audio/4-164064-C-1.wav,4,1,rooster,True,164064,C,rooster
tests/data/sounds-dataset-1000/audio/4-164243-A-26.wav,4,26,laughing,False,164243,A,pig
tests/data/sounds-dataset-1000/audio/4-164661-A-12.wav,4,12,crackling_fire,True,164661,A,pouring_water
tests/data/sounds-dataset-1000/audio/4-164661-B-12.wav,4,12,crackling_fire,True,164661,B,pouring_water
tests/data/sounds-dataset-1000/audio/4-165606-A-45.wav,4,45,train,False,165606,A,train
tests/data/sounds-dataset-1000/audio/4-165791-B-45.wav,4,45,train,False,165791,B,train
tests/data/sounds-dataset-1000/audio/4-165813-B-19.wav,4,19,thunderstorm,False,165813,B,thunderstorm
tests/data/sounds-dataset-1000/audio/4-165845-A-45.wav,4,45,train,False,165845,A,train
tests/data/sounds-dataset-1000/audio/4-165845-B-45.wav,4,45,train,False,165845,B,train
tests/data/sounds-dataset-1000/audio/4-165933-A-45.wav,4,45,train,False,165933,A,train
tests/data/sounds-dataset-1000/audio/4-166661-A-10.wav,4,10,rain,True,166661,A,sea_waves
tests/data/sounds-dataset-1000/audio/4-167063-B-11.wav,4,11,sea_waves,True,167063,B,sea_waves
tests/data/sounds-dataset-1000/audio/4-167063-C-11.wav,4,11,sea_waves,True,167063,C,sea_waves
tests/data/sounds-dataset-1000/audio/4-167077-B-20.wav,4,20,crying_baby,True,167077,B,crying_baby
tests/data/sounds-dataset-1000/audio/4-167077-C-20.wav,4,20,crying_baby,True,167077,C,crying_baby
tests/data/sounds-dataset-1000/audio/4-167155-A-32.wav,4,32,keyboard_typing,False,167155,A,keyboard_typing
tests/data/sounds-dataset-1000/audio/4-167571-A-26.wav,4,26,laughing,False,167571,A,pig
tests/data/sounds-dataset-1000/audio/4-167642-A-21.wav,4,21,sneezing,True,167642,A,sneezing
tests/data/sounds-dataset-1000/audio/4-168446-A-45.wav,4,45,train,False,168446,A,train
tests/data/sounds-dataset-1000/audio/4-169127-B-41.wav,4,41,chainsaw,True,169127,B,chainsaw
tests/data/sounds-dataset-1000/audio/4-171207-A-12.wav,4,12,crackling_fire,True,171207,A,pouring_water
tests/data/sounds-dataset-1000/audio/4-171396-A-24.wav,4,24,coughing,False,171396,A,coughing
tests/data/sounds-dataset-1000/audio/4-171519-A-21.wav,4,21,sneezing,True,171519,A,sneezing
tests/data/sounds-dataset-1000/audio/4-171652-A-44.wav,4,44,engine,False,171652,A,chainsaw
tests/data/sounds-dataset-1000/audio/4-171706-A-23.wav,4,23,breathing,False,171706,A,snoring
tests/data/sounds-dataset-1000/audio/4-171823-A-13.wav,4,13,crickets,False,171823,A,crickets
tests/data/sounds-dataset-1000/audio/4-172143-A-13.wav,4,13,crickets,False,172143,A,crickets
tests/data/sounds-dataset-1000/audio/4-172366-A-37.wav,4,37,clock_alarm,False,172366,A,clock_alarm
tests/data/sounds-dataset-1000/audio/4-172500-A-27.wav,4,27,brushing_teeth,False,172500,A,vacuum_cleaner
tests/data/sounds-dataset-1000/audio/4-172500-C-27.wav,4,27,brushing_teeth,False,172500,C,engine
tests/data/sounds-dataset-1000/audio/4-172732-A-36.wav,4,36,vacuum_cleaner,False,172732,A,washing_machine
tests/data/sounds-dataset-1000/audio/4-174797-A-15.wav,4,15,water_drops,False,174797,A,pouring_water
tests/data/sounds-dataset-1000/audio/4-174860-A-3.wav,4,3,cow,False,174860,A,cow
tests/data/sounds-dataset-1000/audio/4-175000-A-40.wav,4,40,helicopter,True,175000,A,wind
tests/data/sounds-dataset-1000/audio/4-175000-C-40.wav,4,40,helicopter,True,175000,C,airplane
tests/data/sounds-dataset-1000/audio/4-175025-A-34.wav,4,34,can_opening,False,175025,A,can_opening
tests/data/sounds-dataset-1000/audio/4-175845-A-43.wav,4,43,car_horn,False,175845,A,car_horn
tests/data/sounds-dataset-1000/audio/4-175846-A-43.wav,4,43,car_horn,False,175846,A,car_horn
tests/data/sounds-dataset-1000/audio/4-175855-A-43.wav,4,43,car_horn,False,175855,A,car_horn
tests/data/sounds-dataset-1000/audio/4-175945-A-38.wav,4,38,clock_tick,True,175945,A,clock_tick
tests/data/sounds-dataset-1000/audio/4-176638-A-43.wav,4,43,car_horn,False,176638,A,car_horn
tests/data/sounds-dataset-1000/audio/4-177243-A-32.wav,4,32,keyboard_typing,False,177243,A,keyboard_typing
tests/data/sounds-dataset-1000/audio/4-177250-A-10.wav,4,10,rain,True,177250,A,rain
tests/data/sounds-dataset-1000/audio/4-177835-A-24.wav,4,24,coughing,False,177835,A,coughing
tests/data/sounds-dataset-1000/audio/4-180453-A-17.wav,4,17,pouring_water,False,180453,A,pouring_water
tests/data/sounds-dataset-1000/audio/4-181035-A-38.wav,4,38,clock_tick,True,181035,A,clock_tick
tests/data/sounds-dataset-1000/audio/4-181362-A-13.wav,4,13,crickets,False,181362,A,water_drops
tests/data/sounds-dataset-1000/audio/4-181563-A-12.wav,4,12,crackling_fire,True,181563,A,wind
tests/data/sounds-dataset-1000/audio/4-181599-A-26.wav,4,26,laughing,False,181599,A,crying_baby
tests/data/sounds-dataset-1000/audio/4-181955-A-3.wav,4,3,cow,False,181955,A,cow
tests/data/sounds-dataset-1000/audio/4-181955-C-3.wav,4,3,cow,False,181955,C,pig
tests/data/sounds-dataset-1000/audio/4-182039-A-30.wav,4,30,door_wood_knock,False,182039,A,door_wood_knock
tests/data/sounds-dataset-1000/audio/4-182314-A-7.wav,4,7,insects,False,182314,A,insects
tests/data/sounds-dataset-1000/audio/4-182368-A-12.wav,4,12,crackling_fire,True,182368,A,crackling_fire
tests/data/sounds-dataset-1000/audio/4-182369-A-12.wav,4,12,crackling_fire,True,182369,A,snoring
tests/data/sounds-dataset-1000/audio/4-182395-A-0.wav,4,0,dog,True,182395,A,dog
tests/data/sounds-dataset-1000/audio/4-182613-B-11.wav,4,11,sea_waves,True,182613,B,sea_waves
tests/data/sounds-dataset-1000/audio/4-182839-A-17.wav,4,17,pouring_water,False,182839,A,pouring_water
tests/data/sounds-dataset-1000/audio/4-183487-A-1.wav,4,1,rooster,True,183487,A,rooster
tests/data/sounds-dataset-1000/audio/4-183882-A-28.wav,4,28,snoring,False,183882,A,snoring
tests/data/sounds-dataset-1000/audio/4-183992-A-0.wav,4,0,dog,True,183992,A,dog
tests/data/sounds-dataset-1000/audio/4-184235-A-28.wav,4,28,snoring,False,184235,A,snoring
tests/data/sounds-dataset-1000/audio/4-184237-A-28.wav,4,28,snoring,False,184237,A,snoring
tests/data/sounds-dataset-1000/audio/4-184575-A-0.wav,4,0,dog,True,184575,A,dog
tests/data/sounds-dataset-1000/audio/4-185613-A-32.wav,4,32,keyboard_typing,False,185613,A,keyboard_typing
tests/data/sounds-dataset-1000/audio/4-185619-A-21.wav,4,21,sneezing,True,185619,A,sneezing
tests/data/sounds-dataset-1000/audio/4-186518-A-30.wav,4,30,door_wood_knock,False,186518,A,door_wood_knock
tests/data/sounds-dataset-1000/audio/4-187284-A-30.wav,4,30,door_wood_knock,False,187284,A,door_wood_knock
tests/data/sounds-dataset-1000/audio/4-187384-A-34.wav,4,34,can_opening,False,187384,A,mouse_click
tests/data/sounds-dataset-1000/audio/4-187769-A-14.wav,4,14,chirping_birds,False,187769,A,chirping_birds
tests/data/sounds-dataset-1000/audio/4-187769-B-14.wav,4,14,chirping_birds,False,187769,B,chirping_birds
tests/data/sounds-dataset-1000/audio/4-188003-A-34.wav,4,34,can_opening,False,188003,A,can_opening
tests/data/sounds-dataset-1000/audio/4-188033-A-38.wav,4,38,clock_tick,True,188033,A,mouse_click
tests/data/sounds-dataset-1000/audio/4-188191-A-29.wav,4,29,drinking_sipping,False,188191,A,snoring
tests/data/sounds-dataset-1000/audio/4-188191-B-29.wav,4,29,drinking_sipping,False,188191,B,snoring
tests/data/sounds-dataset-1000/audio/4-188287-A-9.wav,4,9,crow,False,188287,A,crow
tests/data/sounds-dataset-1000/audio/4-188293-A-15.wav,4,15,water_drops,False,188293,A,clock_tick
tests/data/sounds-dataset-1000/audio/4-188703-A-8.wav,4,8,sheep,False,188703,A,cow
tests/data/sounds-dataset-1000/audio/4-188703-B-8.wav,4,8,sheep,False,188703,B,cow
tests/data/sounds-dataset-1000/audio/4-188878-A-30.wav,4,30,door_wood_knock,False,188878,A,door_wood_knock
tests/data/sounds-dataset-1000/audio/4-189830-A-22.wav,4,22,clapping,False,189830,A,clapping
tests/data/sounds-dataset-1000/audio/4-189832-A-22.wav,4,22,clapping,False,189832,A,clapping
tests/data/sounds-dataset-1000/audio/4-189832-B-22.wav,4,22,clapping,False,189832,B,clapping
tests/data/sounds-dataset-1000/audio/4-189833-A-22.wav,4,22,clapping,False,189833,A,clapping
tests/data/sounds-dataset-1000/audio/4-189836-A-22.wav,4,22,clapping,False,189836,A,clapping
tests/data/sounds-dataset-1000/audio/4-189838-A-22.wav,4,22,clapping,False,189838,A,clapping
tests/data/sounds-dataset-1000/audio/4-191015-A-43.wav,4,43,car_horn,False,191015,A,car_horn
tests/data/sounds-dataset-1000/audio/4-191297-A-28.wav,4,28,snoring,False,191297,A,snoring
tests/data/sounds-dataset-1000/audio/4-191327-A-38.wav,4,38,clock_tick,True,191327,A,clock_tick
tests/data/sounds-dataset-1000/audio/4-192068-A-31.wav,4,31,mouse_click,False,192068,A,mouse_click
tests/data/sounds-dataset-1000/audio/4-194246-A-13.wav,4,13,crickets,False,194246,A,engine
tests/data/sounds-dataset-1000/audio/4-194808-A-29.wav,4,29,drinking_sipping,False,194808,A,sneezing
tests/data/sounds-dataset-1000/audio/4-194979-A-25.wav,4,25,footsteps,False,194979,A,footsteps
tests/data/sounds-dataset-1000/audio/4-194981-A-25.wav,4,25,footsteps,False,194981,A,rain
tests/data/sounds-dataset-1000/audio/4-195497-B-11.wav,4,11,sea_waves,True,195497,B,sea_waves
tests/data/sounds-dataset-1000/audio/4-195707-A-13.wav,4,13,crickets,False,195707,A,rain
tests/data/sounds-dataset-1000/audio/4-196671-B-8.wav,4,8,sheep,False,196671,B,sheep
tests/data/sounds-dataset-1000/audio/4-196672-A-8.wav,4,8,sheep,False,196672,A,sheep
tests/data/sounds-dataset-1000/audio/4-197454-B-28.wav,4,28,snoring,False,197454,B,snoring
tests/data/sounds-dataset-1000/audio/4-198360-B-49.wav,4,49,hand_saw,False,198360,B,hand_saw
tests/data/sounds-dataset-1000/audio/4-198360-C-49.wav,4,49,hand_saw,False,198360,C,hand_saw
tests/data/sounds-dataset-1000/audio/4-198841-A-37.wav,4,37,clock_alarm,False,198841,A,clock_alarm
tests/data/sounds-dataset-1000/audio/4-198962-A-25.wav,4,25,footsteps,False,198962,A,door_wood_knock
tests/data/sounds-dataset-1000/audio/4-200330-A-6.wav,4,6,hen,False,200330,A,pig
tests/data/sounds-dataset-1000/audio/4-201300-A-31.wav,4,31,mouse_click,False,201300,A,water_drops
tests/data/sounds-dataset-1000/audio/4-204123-A-39.wav,4,39,glass_breaking,False,204123,A,glass_breaking
tests/data/sounds-dataset-1000/audio/4-204683-A-31.wav,4,31,mouse_click,False,204683,A,mouse_click
tests/data/sounds-dataset-1000/audio/4-204777-A-39.wav,4,39,glass_breaking,False,204777,A,glass_breaking
tests/data/sounds-dataset-1000/audio/4-205526-A-23.wav,4,23,breathing,False,205526,A,breathing
tests/data/sounds-dataset-1000/audio/4-205526-B-23.wav,4,23,breathing,False,205526,B,breathing
tests/data/sounds-dataset-1000/audio/4-205738-A-22.wav,4,22,clapping,False,205738,A,clapping
tests/data/sounds-dataset-1000/audio/4-208021-A-1.wav,4,1,rooster,True,208021,A,rooster
tests/data/sounds-dataset-1000/audio/4-209698-A-37.wav,4,37,clock_alarm,False,209698,A,siren
tests/data/sounds-dataset-1000/audio/4-210000-A-23.wav,4,23,breathing,False,210000,A,breathing
tests/data/sounds-dataset-1000/audio/4-210309-A-31.wav,4,31,mouse_click,False,210309,A,door_wood_knock
tests/data/sounds-dataset-1000/audio/4-211502-A-30.wav,4,30,door_wood_knock,False,211502,A,door_wood_knock
tests/data/sounds-dataset-1000/audio/4-212604-A-15.wav,4,15,water_drops,False,212604,A,pouring_water
tests/data/sounds-dataset-1000/audio/4-212604-B-15.wav,4,15,water_drops,False,212604,B,pouring_water
tests/data/sounds-dataset-1000/audio/4-212604-C-15.wav,4,15,water_drops,False,212604,C,pouring_water
tests/data/sounds-dataset-1000/audio/4-212728-A-34.wav,4,34,can_opening,False,212728,A,water_drops
tests/data/sounds-dataset-1000/audio/4-213193-A-29.wav,4,29,drinking_sipping,False,213193,A,drinking_sipping
tests/data/sounds-dataset-1000/audio/4-213915-A-3.wav,4,3,cow,False,213915,A,engine
tests/data/sounds-dataset-1000/audio/4-213915-B-3.wav,4,3,cow,False,213915,B,airplane
tests/data/sounds-dataset-1000/audio/4-215635-A-34.wav,4,34,can_opening,False,215635,A,mouse_click
tests/data/sounds-dataset-1000/audio/4-216211-A-14.wav,4,14,chirping_birds,False,216211,A,crickets
tests/data/sounds-dataset-1000/audio/4-216349-A-34.wav,4,34,can_opening,False,216349,A,mouse_click
tests/data/sounds-dataset-1000/audio/4-218199-B-35.wav,4,35,washing_machine,False,218199,B,hand_saw
tests/data/sounds-dataset-1000/audio/4-218199-C-35.wav,4,35,washing_machine,False,218199,C,engine
tests/data/sounds-dataset-1000/audio/4-218199-D-35.wav,4,35,washing_machine,False,218199,D,helicopter
tests/data/sounds-dataset-1000/audio/4-218199-E-35.wav,4,35,washing_machine,False,218199,E,water_drops
tests/data/sounds-dataset-1000/audio/4-218199-F-35.wav,4,35,washing_machine,False,218199,F,hand_saw
tests/data/sounds-dataset-1000/audio/4-218199-G-35.wav,4,35,washing_machine,False,218199,G,chainsaw
tests/data/sounds-dataset-1000/audio/4-218199-H-35.wav,4,35,washing_machine,False,218199,H,airplane
tests/data/sounds-dataset-1000/audio/4-223127-A-14.wav,4,14,chirping_birds,False,223127,A,chirping_birds
tests/data/sounds-dataset-1000/audio/4-232495-A-6.wav,4,6,hen,False,232495,A,rooster
tests/data/sounds-dataset-1000/audio/4-234644-A-2.wav,4,2,pig,False,234644,A,pig
tests/data/sounds-dataset-1000/audio/4-250869-A-2.wav,4,2,pig,False,250869,A,chainsaw
tests/data/sounds-dataset-1000/audio/4-251959-A-47.wav,4,47,airplane,False,251959,A,helicopter
tests/data/sounds-dataset-1000/audio/4-264453-A-34.wav,4,34,can_opening,False,264453,A,mouse_click
tests/data/sounds-dataset-1000/audio/4-59579-A-20.wav,4,20,crying_baby,True,59579,A,crying_baby
tests/data/sounds-dataset-1000/audio/4-80761-A-42.wav,4,42,siren,False,80761,A,siren
tests/data/sounds-dataset-1000/audio/4-90014-A-42.wav,4,42,siren,False,90014,A,siren
tests/data/sounds-dataset-1000/audio/4-90014-B-42.wav,4,42,siren,False,90014,B,siren
tests/data/sounds-dataset-1000/audio/4-99193-A-4.wav,4,4,frog,False,99193,A,pig
tests/data/sounds-dataset-1000/audio/4-99644-D-4.wav,4,4,frog,False,99644,D,chirping_birds
tests/data/sounds-dataset-1000/audio/5-103415-A-2.wav,5,2,pig,False,103415,A,pig
tests/data/sounds-dataset-1000/audio/5-103421-A-2.wav,5,2,pig,False,103421,A,pig
tests/data/sounds-dataset-1000/audio/5-103422-A-2.wav,5,2,pig,False,103422,A,siren
tests/data/sounds-dataset-1000/audio/5-117120-A-42.wav,5,42,siren,False,117120,A,siren
tests/data/sounds-dataset-1000/audio/5-117122-A-42.wav,5,42,siren,False,117122,A,siren
tests/data/sounds-dataset-1000/audio/5-117250-A-2.wav,5,2,pig,False,117250,A,cow
tests/data/sounds-dataset-1000/audio/5-117773-A-16.wav,5,16,wind,False,117773,A,airplane
tests/data/sounds-dataset-1000/audio/5-133989-A-42.wav,5,42,siren,False,133989,A,siren
tests/data/sounds-dataset-1000/audio/5-141683-A-35.wav,5,35,washing_machine,False,141683,A,helicopter
tests/data/sounds-dataset-1000/audio/5-147297-A-27.wav,5,27,brushing_teeth,False,147297,A,snoring
tests/data/sounds-dataset-1000/audio/5-150409-A-42.wav,5,42,siren,False,150409,A,train
tests/data/sounds-dataset-1000/audio/5-151085-A-20.wav,5,20,crying_baby,True,151085,A,crying_baby
tests/data/sounds-dataset-1000/audio/5-156026-A-4.wav,5,4,frog,False,156026,A,crow
tests/data/sounds-dataset-1000/audio/5-156026-B-4.wav,5,4,frog,False,156026,B,frog
tests/data/sounds-dataset-1000/audio/5-156026-D-4.wav,5,4,frog,False,156026,D,sheep
tests/data/sounds-dataset-1000/audio/5-156698-A-18.wav,5,18,toilet_flush,False,156698,A,pouring_water
tests/data/sounds-dataset-1000/audio/5-156999-A-19.wav,5,19,thunderstorm,False,156999,A,thunderstorm
tests/data/sounds-dataset-1000/audio/5-156999-B-19.wav,5,19,thunderstorm,False,156999,B,thunderstorm
tests/data/sounds-dataset-1000/audio/5-157204-A-16.wav,5,16,wind,False,157204,A,chainsaw
tests/data/sounds-dataset-1000/audio/5-157204-B-16.wav,5,16,wind,False,157204,B,airplane
tests/data/sounds-dataset-1000/audio/5-160551-A-42.wav,5,42,siren,False,160551,A,siren
tests/data/sounds-dataset-1000/audio/5-160614-E-48.wav,5,48,fireworks,False,160614,E,hand_saw
tests/data/sounds-dataset-1000/audio/5-160614-G-48.wav,5,48,fireworks,False,160614,G,mouse_click
tests/data/sounds-dataset-1000/audio/5-161270-B-33.wav,5,33,door_wood_creaks,False,161270,B,chainsaw
tests/data/sounds-dataset-1000/audio/5-169983-A-5.wav,5,5,cat,False,169983,A,cat
tests/data/sounds-dataset-1000/audio/5-171118-A-26.wav,5,26,laughing,False,171118,A,laughing
tests/data/sounds-dataset-1000/audio/5-172299-A-5.wav,5,5,cat,False,172299,A,cat
tests/data/sounds-dataset-1000/audio/5-172639-A-5.wav,5,5,cat,False,172639,A,cat
tests/data/sounds-dataset-1000/audio/5-177034-A-18.wav,5,18,toilet_flush,False,177034,A,pouring_water
tests/data/sounds-dataset-1000/audio/5-177614-A-5.wav,5,5,cat,False,177614,A,cat
tests/data/sounds-dataset-1000/audio/5-177779-A-33.wav,5,33,door_wood_creaks,False,177779,A,hand_saw
tests/data/sounds-dataset-1000/audio/5-177957-A-40.wav,5,40,helicopter,True,177957,A,chainsaw
tests/data/sounds-dataset-1000/audio/5-177957-C-40.wav,5,40,helicopter,True,177957,C,helicopter
tests/data/sounds-dataset-1000/audio/5-179294-A-46.wav,5,46,church_bells,False,179294,A,church_bells
tests/data/sounds-dataset-1000/audio/5-179496-A-16.wav,5,16,wind,False,179496,A,chainsaw
tests/data/sounds-dataset-1000/audio/5-179866-A-43.wav,5,43,car_horn,False,179866,A,car_horn
tests/data/sounds-dataset-1000/audio/5-180156-A-43.wav,5,43,car_horn,False,180156,A,car_horn
tests/data/sounds-dataset-1000/audio/5-180229-A-27.wav,5,27,brushing_teeth,False,180229,A,hand_saw
tests/data/sounds-dataset-1000/audio/5-182007-A-36.wav,5,36,vacuum_cleaner,False,182007,A,engine
tests/data/sounds-dataset-1000/audio/5-182010-A-36.wav,5,36,vacuum_cleaner,False,182010,A,washing_machine
tests/data/sounds-dataset-1000/audio/5-182012-A-36.wav,5,36,vacuum_cleaner,False,182012,A,vacuum_cleaner
tests/data/sounds-dataset-1000/audio/5-182404-A-18.wav,5,18,toilet_flush,False,182404,A,toilet_flush
tests/data/sounds-dataset-1000/audio/5-184323-A-42.wav,5,42,siren,False,184323,A,siren
tests/data/sounds-dataset-1000/audio/5-185516-A-27.wav,5,27,brushing_teeth,False,185516,A,hand_saw
tests/data/sounds-dataset-1000/audio/5-185579-A-41.wav,5,41,chainsaw,True,185579,A,chainsaw
tests/data/sounds-dataset-1000/audio/5-187444-A-33.wav,5,33,door_wood_creaks,False,187444,A,chainsaw
tests/data/sounds-dataset-1000/audio/5-188365-A-36.wav,5,36,vacuum_cleaner,False,188365,A,vacuum_cleaner
tests/data/sounds-dataset-1000/audio/5-188495-A-19.wav,5,19,thunderstorm,False,188495,A,rain
tests/data/sounds-dataset-1000/audio/5-188655-A-10.wav,5,10,rain,True,188655,A,rain
tests/data/sounds-dataset-1000/audio/5-188945-A-45.wav,5,45,train,False,188945,A,engine
tests/data/sounds-dataset-1000/audio/5-189237-A-12.wav,5,12,crackling_fire,True,189237,A,clock_tick
tests/data/sounds-dataset-1000/audio/5-189795-A-4.wav,5,4,frog,False,189795,A,frog
tests/data/sounds-dataset-1000/audio/5-191497-A-33.wav,5,33,door_wood_creaks,False,191497,A,pig
tests/data/sounds-dataset-1000/audio/5-193339-A-10.wav,5,10,rain,True,193339,A,rain
tests/data/sounds-dataset-1000/audio/5-194899-A-3.wav,5,3,cow,False,194899,A,cow
tests/data/sounds-dataset-1000/audio/5-194930-A-1.wav,5,1,rooster,True,194930,A,rooster
tests/data/sounds-dataset-1000/audio/5-195517-A-7.wav,5,7,insects,False,195517,A,insects
tests/data/sounds-dataset-1000/audio/5-197118-A-45.wav,5,45,train,False,197118,A,fireworks
tests/data/sounds-dataset-1000/audio/5-197121-B-45.wav,5,45,train,False,197121,B,fireworks
tests/data/sounds-dataset-1000/audio/5-197913-A-18.wav,5,18,toilet_flush,False,197913,A,pouring_water
tests/data/sounds-dataset-1000/audio/5-198321-A-10.wav,5,10,rain,True,198321,A,rain
tests/data/sounds-dataset-1000/audio/5-198411-A-20.wav,5,20,crying_baby,True,198411,A,crying_baby
tests/data/sounds-dataset-1000/audio/5-198411-B-20.wav,5,20,crying_baby,True,198411,B,crying_baby
tests/data/sounds-dataset-1000/audio/5-198411-D-20.wav,5,20,crying_baby,True,198411,D,pig
tests/data/sounds-dataset-1000/audio/5-198411-E-20.wav,5,20,crying_baby,True,198411,E,crying_baby
tests/data/sounds-dataset-1000/audio/5-198411-G-20.wav,5,20,crying_baby,True,198411,G,dog
tests/data/sounds-dataset-1000/audio/5-198891-A-8.wav,5,8,sheep,False,198891,A,sheep
tests/data/sounds-dataset-1000/audio/5-198891-B-8.wav,5,8,sheep,False,198891,B,sheep
tests/data/sounds-dataset-1000/audio/5-198891-C-8.wav,5,8,sheep,False,198891,C,sheep
tests/data/sounds-dataset-1000/audio/5-198891-D-8.wav,5,8,sheep,False,198891,D,sheep
tests/data/sounds-dataset-1000/audio/5-199284-B-45.wav,5,45,train,False,199284,B,train
tests/data/sounds-dataset-1000/audio/5-200329-B-8.wav,5,8,sheep,False,200329,B,cow
tests/data/sounds-dataset-1000/audio/5-200334-A-1.wav,5,1,rooster,True,200334,A,rooster
tests/data/sounds-dataset-1000/audio/5-200339-A-1.wav,5,1,rooster,True,200339,A,rooster
tests/data/sounds-dataset-1000/audio/5-201664-A-18.wav,5,18,toilet_flush,False,201664,A,pouring_water
tests/data/sounds-dataset-1000/audio/5-202020-A-18.wav,5,18,toilet_flush,False,202020,A,pouring_water
tests/data/sounds-dataset-1000/audio/5-202220-A-21.wav,5,21,sneezing,True,202220,A,sneezing
tests/data/sounds-dataset-1000/audio/5-203128-A-0.wav,5,0,dog,True,203128,A,dog
tests/data/sounds-dataset-1000/audio/5-203128-B-0.wav,5,0,dog,True,203128,B,dog
tests/data/sounds-dataset-1000/audio/5-204352-A-13.wav,5,13,crickets,False,204352,A,siren
tests/data/sounds-dataset-1000/audio/5-204352-B-13.wav,5,13,crickets,False,204352,B,siren
tests/data/sounds-dataset-1000/audio/5-204604-A-24.wav,5,24,coughing,False,204604,A,coughing
tests/data/sounds-dataset-1000/audio/5-204741-A-46.wav,5,46,church_bells,False,204741,A,church_bells
tests/data/sounds-dataset-1000/audio/5-205589-A-17.wav,5,17,pouring_water,False,205589,A,pouring_water
tests/data/sounds-dataset-1000/audio/5-205898-A-40.wav,5,40,helicopter,True,205898,A,airplane
tests/data/sounds-dataset-1000/audio/5-208030-A-0.wav,5,0,dog,True,208030,A,pig
tests/data/sounds-dataset-1000/audio/5-208761-A-24.wav,5,24,coughing,False,208761,A,coughing
tests/data/sounds-dataset-1000/audio/5-208810-A-11.wav,5,11,sea_waves,True,208810,A,sea_waves
tests/data/sounds-dataset-1000/audio/5-208810-B-11.wav,5,11,sea_waves,True,208810,B,sea_waves
tests/data/sounds-dataset-1000/audio/5-209698-A-38.wav,5,38,clock_tick,True,209698,A,clock_tick
tests/data/sounds-dataset-1000/audio/5-209989-A-22.wav,5,22,clapping,False,209989,A,keyboard_typing
tests/data/sounds-dataset-1000/audio/5-209992-A-44.wav,5,44,engine,False,209992,A,engine
tests/data/sounds-dataset-1000/audio/5-210612-A-37.wav,5,37,clock_alarm,False,210612,A,clock_alarm
tests/data/sounds-dataset-1000/audio/5-211197-A-24.wav,5,24,coughing,False,211197,A,coughing
tests/data/sounds-dataset-1000/audio/5-212054-A-36.wav,5,36,vacuum_cleaner,False,212054,A,vacuum_cleaner
tests/data/sounds-dataset-1000/audio/5-212059-A-36.wav,5,36,vacuum_cleaner,False,212059,A,washing_machine
tests/data/sounds-dataset-1000/audio/5-212181-A-38.wav,5,38,clock_tick,True,212181,A,clock_tick
tests/data/sounds-dataset-1000/audio/5-212454-A-0.wav,5,0,dog,True,212454,A,dog
tests/data/sounds-dataset-1000/audio/5-212730-A-17.wav,5,17,pouring_water,False,212730,A,pouring_water
tests/data/sounds-dataset-1000/audio/5-212734-A-17.wav,5,17,pouring_water,False,212734,A,pouring_water
tests/data/sounds-dataset-1000/audio/5-212736-A-17.wav,5,17,pouring_water,False,212736,A,pouring_water
tests/data/sounds-dataset-1000/audio/5-213293-A-23.wav,5,23,breathing,False,213293,A,breathing
tests/data/sounds-dataset-1000/audio/5-213836-D-9.wav,5,9,crow,False,213836,D,hen
tests/data/sounds-dataset-1000/audio/5-214362-A-17.wav,5,17,pouring_water,False,214362,A,pouring_water
tests/data/sounds-dataset-1000/audio/5-214759-A-5.wav,5,5,cat,False,214759,A,cat
tests/data/sounds-dataset-1000/audio/5-214759-B-5.wav,5,5,cat,False,214759,B,cat
tests/data/sounds-dataset-1000/audio/5-214869-A-9.wav,5,9,crow,False,214869,A,chirping_birds
tests/data/sounds-dataset-1000/audio/5-215005-A-32.wav,5,32,keyboard_typing,False,215005,A,keyboard_typing
tests/data/sounds-dataset-1000/audio/5-215179-A-13.wav,5,13,crickets,False,215179,A,crickets
tests/data/sounds-dataset-1000/audio/5-215445-A-47.wav,5,47,airplane,False,215445,A,airplane
tests/data/sounds-dataset-1000/audio/5-215449-A-47.wav,5,47,airplane,False,215449,A,thunderstorm
tests/data/sounds-dataset-1000/audio/5-215658-B-12.wav,5,12,crackling_fire,True,215658,B,rain
tests/data/sounds-dataset-1000/audio/5-216131-A-32.wav,5,32,keyboard_typing,False,216131,A,keyboard_typing
tests/data/sounds-dataset-1000/audio/5-216216-A-13.wav,5,13,crickets,False,216216,A,chirping_birds
tests/data/sounds-dataset-1000/audio/5-216368-A-28.wav,5,28,snoring,False,216368,A,snoring
tests/data/sounds-dataset-1000/audio/5-216370-B-41.wav,5,41,chainsaw,True,216370,B,chainsaw
tests/data/sounds-dataset-1000/audio/5-217158-A-0.wav,5,0,dog,True,217158,A,dog
tests/data/sounds-dataset-1000/audio/5-217186-A-16.wav,5,16,wind,False,217186,A,airplane
tests/data/sounds-dataset-1000/audio/5-218196-B-27.wav,5,27,brushing_teeth,False,218196,B,brushing_teeth
tests/data/sounds-dataset-1000/audio/5-218494-A-22.wav,5,22,clapping,False,218494,A,clapping
tests/data/sounds-dataset-1000/audio/5-218981-A-30.wav,5,30,door_wood_knock,False,218981,A,clapping
tests/data/sounds-dataset-1000/audio/5-219318-A-31.wav,5,31,mouse_click,False,219318,A,mouse_click
tests/data/sounds-dataset-1000/audio/5-219379-A-11.wav,5,11,sea_waves,True,219379,A,sea_waves
tests/data/sounds-dataset-1000/audio/5-219379-B-11.wav,5,11,sea_waves,True,219379,B,sea_waves
tests/data/sounds-dataset-1000/audio/5-220027-A-21.wav,5,21,sneezing,True,220027,A,sneezing
tests/data/sounds-dataset-1000/audio/5-220955-A-40.wav,5,40,helicopter,True,220955,A,engine
tests/data/sounds-dataset-1000/audio/5-221528-A-39.wav,5,39,glass_breaking,False,221528,A,glass_breaking
tests/data/sounds-dataset-1000/audio/5-221529-A-39.wav,5,39,glass_breaking,False,221529,A,mouse_click
tests/data/sounds-dataset-1000/audio/5-221567-A-22.wav,5,22,clapping,False,221567,A,fireworks
tests/data/sounds-dataset-1000/audio/5-221568-A-22.wav,5,22,clapping,False,221568,A,clapping
tests/data/sounds-dataset-1000/audio/5-221593-A-21.wav,5,21,sneezing,True,221593,A,dog
tests/data/sounds-dataset-1000/audio/5-221878-A-34.wav,5,34,can_opening,False,221878,A,can_opening
tests/data/sounds-dataset-1000/audio/5-221950-A-22.wav,5,22,clapping,False,221950,A,clapping
tests/data/sounds-dataset-1000/audio/5-222041-A-9.wav,5,9,crow,False,222041,A,chainsaw
tests/data/sounds-dataset-1000/audio/5-223099-A-32.wav,5,32,keyboard_typing,False,223099,A,keyboard_typing
tests/data/sounds-dataset-1000/audio/5-223103-A-31.wav,5,31,mouse_click,False,223103,A,mouse_click
tests/data/sounds-dataset-1000/audio/5-223176-A-37.wav,5,37,clock_alarm,False,223176,A,clock_alarm
tests/data/sounds-dataset-1000/audio/5-223810-A-35.wav,5,35,washing_machine,False,223810,A,hand_saw
tests/data/sounds-dataset-1000/audio/5-231762-A-0.wav,5,0,dog,True,231762,A,dog
tests/data/sounds-dataset-1000/audio/5-232272-A-44.wav,5,44,engine,False,232272,A,engine
tests/data/sounds-dataset-1000/audio/5-232802-A-31.wav,5,31,mouse_click,False,232802,A,keyboard_typing
tests/data/sounds-dataset-1000/audio/5-232816-A-23.wav,5,23,breathing,False,232816,A,breathing
tests/data/sounds-dataset-1000/audio/5-233160-A-1.wav,5,1,rooster,True,233160,A,rooster
tests/data/sounds-dataset-1000/audio/5-234145-A-28.wav,5,28,snoring,False,234145,A,snoring
tests/data/sounds-dataset-1000/audio/5-234247-A-37.wav,5,37,clock_alarm,False,234247,A,siren
tests/data/sounds-dataset-1000/audio/5-235644-A-30.wav,5,30,door_wood_knock,False,235644,A,door_wood_knock
tests/data/sounds-dataset-1000/audio/5-235893-A-28.wav,5,28,snoring,False,235893,A,snoring
tests/data/sounds-dataset-1000/audio/5-235956-A-47.wav,5,47,airplane,False,235956,A,airplane
tests/data/sounds-dataset-1000/audio/5-236288-A-28.wav,5,28,snoring,False,236288,A,breathing
tests/data/sounds-dataset-1000/audio/5-237795-A-34.wav,5,34,can_opening,False,237795,A,pouring_water
tests/data/sounds-dataset-1000/audio/5-238021-A-35.wav,5,35,washing_machine,False,238021,A,vacuum_cleaner
tests/data/sounds-dataset-1000/audio/5-238926-A-31.wav,5,31,mouse_click,False,238926,A,mouse_click
tests/data/sounds-dataset-1000/audio/5-242490-A-14.wav,5,14,chirping_birds,False,242490,A,chirping_birds
tests/data/sounds-dataset-1000/audio/5-242492-A-3.wav,5,3,cow,False,242492,A,pig
tests/data/sounds-dataset-1000/audio/5-242711-A-9.wav,5,9,crow,False,242711,A,chirping_birds
tests/data/sounds-dataset-1000/audio/5-242932-A-26.wav,5,26,laughing,False,242932,A,crying_baby
tests/data/sounds-dataset-1000/audio/5-243036-A-29.wav,5,29,drinking_sipping,False,243036,A,pouring_water
tests/data/sounds-dataset-1000/audio/5-243450-A-14.wav,5,14,chirping_birds,False,243450,A,pouring_water
tests/data/sounds-dataset-1000/audio/5-243635-A-29.wav,5,29,drinking_sipping,False,243635,A,breathing
tests/data/sounds-dataset-1000/audio/5-243773-A-44.wav,5,44,engine,False,243773,A,engine
tests/data/sounds-dataset-1000/audio/5-243773-B-44.wav,5,44,engine,False,243773,B,engine
tests/data/sounds-dataset-1000/audio/5-244178-A-32.wav,5,32,keyboard_typing,False,244178,A,keyboard_typing
tests/data/sounds-dataset-1000/audio/5-244310-A-25.wav,5,25,footsteps,False,244310,A,footsteps
tests/data/sounds-dataset-1000/audio/5-244315-B-6.wav,5,6,hen,False,244315,B,pig
tests/data/sounds-dataset-1000/audio/5-244315-C-6.wav,5,6,hen,False,244315,C,pig
tests/data/sounds-dataset-1000/audio/5-244327-A-34.wav,5,34,can_opening,False,244327,A,can_opening
tests/data/sounds-dataset-1000/audio/5-244459-A-28.wav,5,28,snoring,False,244459,A,snoring
tests/data/sounds-dataset-1000/audio/5-244526-A-26.wav,5,26,laughing,False,244526,A,cat
tests/data/sounds-dataset-1000/audio/5-244651-A-31.wav,5,31,mouse_click,False,244651,A,mouse_click
tests/data/sounds-dataset-1000/audio/5-244933-A-34.wav,5,34,can_opening,False,244933,A,clapping
tests/data/sounds-dataset-1000/audio/5-248341-A-6.wav,5,6,hen,False,248341,A,pig
tests/data/sounds-dataset-1000/audio/5-248341-B-6.wav,5,6,hen,False,248341,B,pig
tests/data/sounds-dataset-1000/audio/5-248341-C-6.wav,5,6,hen,False,248341,C,rooster
tests/data/sounds-dataset-1000/audio/5-249748-A-28.wav,5,28,snoring,False,249748,A,snoring
tests/data/sounds-dataset-1000/audio/5-250026-B-30.wav,5,30,door_wood_knock,False,250026,B,door_wood_knock
tests/data/sounds-dataset-1000/audio/5-250258-A-49.wav,5,49,hand_saw,False,250258,A,breathing
tests/data/sounds-dataset-1000/audio/5-250629-A-37.wav,5,37,clock_alarm,False,250629,A,clock_alarm
tests/data/sounds-dataset-1000/audio/5-251426-A-30.wav,5,30,door_wood_knock,False,251426,A,door_wood_knock
tests/data/sounds-dataset-1000/audio/5-251957-A-47.wav,5,47,airplane,False,251957,A,airplane
tests/data/sounds-dataset-1000/audio/5-252248-A-34.wav,5,34,can_opening,False,252248,A,mouse_click
tests/data/sounds-dataset-1000/audio/5-253085-B-3.wav,5,3,cow,False,253085,B,cow
tests/data/sounds-dataset-1000/audio/5-253094-A-49.wav,5,49,hand_saw,False,253094,A,hand_saw
tests/data/sounds-dataset-1000/audio/5-253094-C-49.wav,5,49,hand_saw,False,253094,C,hand_saw
tests/data/sounds-dataset-1000/audio/5-253094-D-49.wav,5,49,hand_saw,False,253094,D,hand_saw
tests/data/sounds-dataset-1000/audio/5-253101-A-49.wav,5,49,hand_saw,False,253101,A,hand_saw
tests/data/sounds-dataset-1000/audio/5-253101-B-49.wav,5,49,hand_saw,False,253101,B,hand_saw
tests/data/sounds-dataset-1000/audio/5-254160-A-22.wav,5,22,clapping,False,254160,A,clapping
tests/data/sounds-dataset-1000/audio/5-254832-A-15.wav,5,15,water_drops,False,254832,A,water_drops
tests/data/sounds-dataset-1000/audio/5-257839-A-14.wav,5,14,chirping_birds,False,257839,A,chirping_birds
tests/data/sounds-dataset-1000/audio/5-259180-A-15.wav,5,15,water_drops,False,259180,A,toilet_flush
tests/data/sounds-dataset-1000/audio/5-259640-A-29.wav,5,29,drinking_sipping,False,259640,A,snoring
tests/data/sounds-dataset-1000/audio/5-260011-A-34.wav,5,34,can_opening,False,260011,A,can_opening
tests/data/sounds-dataset-1000/audio/5-260164-A-23.wav,5,23,breathing,False,260164,A,snoring
tests/data/sounds-dataset-1000/audio/5-260432-A-39.wav,5,39,glass_breaking,False,260432,A,glass_breaking
tests/data/sounds-dataset-1000/audio/5-260433-A-39.wav,5,39,glass_breaking,False,260433,A,mouse_click
tests/data/sounds-dataset-1000/audio/5-260434-A-39.wav,5,39,glass_breaking,False,260434,A,glass_breaking
tests/data/sounds-dataset-1000/audio/5-261439-A-15.wav,5,15,water_drops,False,261439,A,rain
tests/data/sounds-dataset-1000/audio/5-262641-A-15.wav,5,15,water_drops,False,262641,A,clock_tick
tests/data/sounds-dataset-1000/audio/5-263490-A-25.wav,5,25,footsteps,False,263490,A,footsteps
tests/data/sounds-dataset-1000/audio/5-263491-A-25.wav,5,25,footsteps,False,263491,A,crackling_fire
tests/data/sounds-dataset-1000/audio/5-263775-A-26.wav,5,26,laughing,False,263775,A,laughing
tests/data/sounds-dataset-1000/audio/5-263775-B-26.wav,5,26,laughing,False,263775,B,laughing
tests/data/sounds-dataset-1000/audio/5-263831-B-6.wav,5,6,hen,False,263831,B,rooster
tests/data/sounds-dataset-1000/audio/5-61635-A-8.wav,5,8,sheep,False,61635,A,pig
